Date,Track,Race,Field,Top Pick,Bet Type,Selection,Units,Composite,GEM,Confidence,Pace,Win%,Place%,Value,Result,Notes,actual_result,actual_pl,win_bet_pl,place_bet_pl,show_bet_pl,combined_straight_pl
2026-04-12,AQU,2,6,PROJECTABILITY,WIN,PROJECTABILITY,1.0,20,YES,HIGH,SLOW,45.3%,74.9%,STRONG_EV,WIN,STRESS_TEST ARM2026 AQU R2 | SCORE=20 | CONF=HIGH | PACE=SLOW | GEM=YES,WIN,5.9,5.9,1.92,0.61,8.43
2026-04-12,AQU,2,6,PROJECTABILITY,PLACE,PROJECTABILITY,1.0,20,YES,HIGH,SLOW,45.3%,74.9%,STRONG_EV,WIN,STRESS_TEST ARM2026 AQU R2 | SCORE=20 | CONF=HIGH | PACE=SLOW | GEM=YES,WIN,1.92,5.9,1.92,0.61,8.43
2026-04-12,AQU,2,6,PROJECTABILITY,SHOW,PROJECTABILITY,1.0,20,YES,HIGH,SLOW,45.3%,74.9%,STRONG_EV,WIN,STRESS_TEST ARM2026 AQU R2 | SCORE=20 | CONF=HIGH | PACE=SLOW | GEM=YES,WIN,0.61,5.9,1.92,0.61,8.43
2026-04-12,AQU,3,6,GRAND COMMANDER,WIN,GRAND COMMANDER,0.5,16,NO,MEDIUM,SLOW,30.9%,54.6%,STRONG_EV,WIN,STRESS_TEST ARM2026 AQU R3 | SCORE=16 | CONF=MEDIUM | PACE=SLOW | GEM=NO,WIN,1.665,3.33,0.65,0.4,4.38
2026-04-12,AQU,3,6,GRAND COMMANDER,PLACE,GRAND COMMANDER,0.5,16,NO,MEDIUM,SLOW,30.9%,54.6%,STRONG_EV,WIN,STRESS_TEST ARM2026 AQU R3 | SCORE=16 | CONF=MEDIUM | PACE=SLOW | GEM=NO,WIN,0.325,3.33,0.65,0.4,4.38
2026-04-12,AQU,3,6,GRAND COMMANDER,SHOW,GRAND COMMANDER,0.5,16,NO,MEDIUM,SLOW,30.9%,54.6%,STRONG_EV,WIN,STRESS_TEST ARM2026 AQU R3 | SCORE=16 | CONF=MEDIUM | PACE=SLOW | GEM=NO,WIN,0.2,3.33,0.65,0.4,4.38
2026-04-12,AQU,4,7,GALILEANS GIRL,WIN,GALILEANS GIRL,1.0,19,YES,HIGH,SLOW,41.4%,64.4%,STRONG_EV,LOSS,STRESS_TEST ARM2026 AQU R4 | SCORE=19 | CONF=HIGH | PACE=SLOW | GEM=YES,LOSS,-1.0,-1.0,-1.0,-1.0,-3.0
2026-04-12,AQU,4,7,GALILEANS GIRL,PLACE,GALILEANS GIRL,1.0,19,YES,HIGH,SLOW,41.4%,64.4%,STRONG_EV,LOSS,STRESS_TEST ARM2026 AQU R4 | SCORE=19 | CONF=HIGH | PACE=SLOW | GEM=YES,LOSS,-1.0,-1.0,-1.0,-1.0,-3.0
2026-04-12,AQU,4,7,GALILEANS GIRL,SHOW,GALILEANS GIRL,1.0,19,YES,HIGH,SLOW,41.4%,64.4%,STRONG_EV,LOSS,STRESS_TEST ARM2026 AQU R4 | SCORE=19 | CONF=HIGH | PACE=SLOW | GEM=YES,LOSS,-1.0,-1.0,-1.0,-1.0,-3.0
2026-04-12,AQU,4,7,GALILEANS GIRL,EXACTA_BOX,GALILEANS GIRL / PURPLE DIVINE,0.5,19,YES,HIGH,SLOW,41.4%,64.4%,STRONG_EV,MISS,STRESS_TEST ARM2026 AQU R4 | SCORE=19 | CONF=HIGH | PACE=SLOW | GEM=YES,MISS,-0.5,-1.0,-1.0,-1.0,-3.0
2026-04-12,AQU,4,7,GALILEANS GIRL,TRIFECTA_BOX,GALILEANS GIRL / PURPLE DIVINE / PROBABLE ANGLE,0.5,19,YES,HIGH,SLOW,41.4%,64.4%,STRONG_EV,MISS,STRESS_TEST ARM2026 AQU R4 | SCORE=19 | CONF=HIGH | PACE=SLOW | GEM=YES,MISS,-0.5,-1.0,-1.0,-1.0,-3.0
2026-04-12,AQU,4,7,GALILEANS GIRL,SUPERFECTA_BOX,GALILEANS GIRL / PURPLE DIVINE / PROBABLE ANGLE / BASEBALL LADY,0.5,19,YES,HIGH,SLOW,41.4%,64.4%,STRONG_EV,MISS,STRESS_TEST ARM2026 AQU R4 | SCORE=19 | CONF=HIGH | PACE=SLOW | GEM=YES,MISS,-0.5,-1.0,-1.0,-1.0,-3.0
2026-04-12,AQU,5,7,MY DAUGHTERS' GIFT,WIN,MY DAUGHTERS' GIFT,0.5,16,NO,MEDIUM,SLOW,32.7%,54.5%,STRONG_EV,LOSS,STRESS_TEST ARM2026 AQU R5 | SCORE=16 | CONF=MEDIUM | PACE=SLOW | GEM=NO,LOSS,-0.5,-1.0,-1.0,-1.0,-3.0
2026-04-12,AQU,5,7,MY DAUGHTERS' GIFT,PLACE,MY DAUGHTERS' GIFT,0.5,16,NO,MEDIUM,SLOW,32.7%,54.5%,STRONG_EV,LOSS,STRESS_TEST ARM2026 AQU R5 | SCORE=16 | CONF=MEDIUM | PACE=SLOW | GEM=NO,LOSS,-0.5,-1.0,-1.0,-1.0,-3.0
2026-04-12,AQU,5,7,MY DAUGHTERS' GIFT,SHOW,MY DAUGHTERS' GIFT,0.5,16,NO,MEDIUM,SLOW,32.7%,54.5%,STRONG_EV,LOSS,STRESS_TEST ARM2026 AQU R5 | SCORE=16 | CONF=MEDIUM | PACE=SLOW | GEM=NO,LOSS,-0.5,-1.0,-1.0,-1.0,-3.0
2026-04-12,AQU,5,7,MY DAUGHTERS' GIFT,EXACTA_BOX,MY DAUGHTERS' GIFT / KEF,0.25,16,NO,MEDIUM,SLOW,32.7%,54.5%,STRONG_EV,MISS,STRESS_TEST ARM2026 AQU R5 | SCORE=16 | CONF=MEDIUM | PACE=SLOW | GEM=NO,MISS,-0.25,-1.0,-1.0,-1.0,-3.0
2026-04-12,AQU,5,7,MY DAUGHTERS' GIFT,TRIFECTA_BOX,MY DAUGHTERS' GIFT / KEF / GOLDEN MIRACLE,0.25,16,NO,MEDIUM,SLOW,32.7%,54.5%,STRONG_EV,MISS,STRESS_TEST ARM2026 AQU R5 | SCORE=16 | CONF=MEDIUM | PACE=SLOW | GEM=NO,MISS,-0.25,-1.0,-1.0,-1.0,-3.0
2026-04-12,AQU,5,7,MY DAUGHTERS' GIFT,SUPERFECTA_BOX,MY DAUGHTERS' GIFT / KEF / GOLDEN MIRACLE / HOUDINI'S BRIDE,0.25,16,NO,MEDIUM,SLOW,32.7%,54.5%,STRONG_EV,MISS,STRESS_TEST ARM2026 AQU R5 | SCORE=16 | CONF=MEDIUM | PACE=SLOW | GEM=NO,MISS,-0.25,-1.0,-1.0,-1.0,-3.0
2026-04-12,AQU,6,8,JACKSON'S DIXIE,WIN,JACKSON'S DIXIE,1.0,19,YES,HIGH,SLOW,42.5%,63.3%,STRONG_EV,LOSS,STRESS_TEST ARM2026 AQU R6 | SCORE=19 | CONF=HIGH | PACE=SLOW | GEM=YES,LOSS,-1.0,-1.0,-1.0,-1.0,-3.0
2026-04-12,AQU,6,8,JACKSON'S DIXIE,PLACE,JACKSON'S DIXIE,1.0,19,YES,HIGH,SLOW,42.5%,63.3%,STRONG_EV,LOSS,STRESS_TEST ARM2026 AQU R6 | SCORE=19 | CONF=HIGH | PACE=SLOW | GEM=YES,LOSS,-1.0,-1.0,-1.0,-1.0,-3.0
2026-04-12,AQU,6,8,JACKSON'S DIXIE,SHOW,JACKSON'S DIXIE,1.0,19,YES,HIGH,SLOW,42.5%,63.3%,STRONG_EV,LOSS,STRESS_TEST ARM2026 AQU R6 | SCORE=19 | CONF=HIGH | PACE=SLOW | GEM=YES,LOSS,-1.0,-1.0,-1.0,-1.0,-3.0
2026-04-12,AQU,6,8,JACKSON'S DIXIE,EXACTA_BOX,JACKSON'S DIXIE / PROUD FOOT,0.5,19,YES,HIGH,SLOW,42.5%,63.3%,STRONG_EV,MISS,STRESS_TEST ARM2026 AQU R6 | SCORE=19 | CONF=HIGH | PACE=SLOW | GEM=YES,MISS,-0.5,-1.0,-1.0,-1.0,-3.0
2026-04-12,AQU,6,8,JACKSON'S DIXIE,TRIFECTA_BOX,JACKSON'S DIXIE / PROUD FOOT / DESPO'S DREAM,0.5,19,YES,HIGH,SLOW,42.5%,63.3%,STRONG_EV,MISS,STRESS_TEST ARM2026 AQU R6 | SCORE=19 | CONF=HIGH | PACE=SLOW | GEM=YES,MISS,-0.5,-1.0,-1.0,-1.0,-3.0
2026-04-12,AQU,6,8,JACKSON'S DIXIE,SUPERFECTA_BOX,JACKSON'S DIXIE / PROUD FOOT / DESPO'S DREAM / PRINCESS BECCA,0.5,19,YES,HIGH,SLOW,42.5%,63.3%,STRONG_EV,MISS,STRESS_TEST ARM2026 AQU R6 | SCORE=19 | CONF=HIGH | PACE=SLOW | GEM=YES,MISS,-0.5,-1.0,-1.0,-1.0,-3.0
2026-04-12,AQU,8,8,LOOMS BOLDLY,WIN,LOOMS BOLDLY,1.0,19,YES,HIGH,SLOW,44.3%,70.8%,STRONG_EV,LOSS,STRESS_TEST ARM2026 AQU R8 | SCORE=19 | CONF=HIGH | PACE=SLOW | GEM=YES,LOSS,-1.0,-1.0,-1.0,-1.0,-3.0
2026-04-12,AQU,8,8,LOOMS BOLDLY,PLACE,LOOMS BOLDLY,1.0,19,YES,HIGH,SLOW,44.3%,70.8%,STRONG_EV,LOSS,STRESS_TEST ARM2026 AQU R8 | SCORE=19 | CONF=HIGH | PACE=SLOW | GEM=YES,LOSS,-1.0,-1.0,-1.0,-1.0,-3.0
2026-04-12,AQU,8,8,LOOMS BOLDLY,SHOW,LOOMS BOLDLY,1.0,19,YES,HIGH,SLOW,44.3%,70.8%,STRONG_EV,LOSS,STRESS_TEST ARM2026 AQU R8 | SCORE=19 | CONF=HIGH | PACE=SLOW | GEM=YES,LOSS,-1.0,-1.0,-1.0,-1.0,-3.0
2026-04-12,AQU,8,8,LOOMS BOLDLY,EXACTA_BOX,LOOMS BOLDLY / TEN CENT TOWN,0.5,19,YES,HIGH,SLOW,44.3%,70.8%,STRONG_EV,MISS,STRESS_TEST ARM2026 AQU R8 | SCORE=19 | CONF=HIGH | PACE=SLOW | GEM=YES,MISS,-0.5,-1.0,-1.0,-1.0,-3.0
2026-04-12,AQU,8,8,LOOMS BOLDLY,TRIFECTA_BOX,LOOMS BOLDLY / TEN CENT TOWN / CLANCY FANCY,0.5,19,YES,HIGH,SLOW,44.3%,70.8%,STRONG_EV,MISS,STRESS_TEST ARM2026 AQU R8 | SCORE=19 | CONF=HIGH | PACE=SLOW | GEM=YES,MISS,-0.5,-1.0,-1.0,-1.0,-3.0
2026-04-12,AQU,8,8,LOOMS BOLDLY,SUPERFECTA_BOX,LOOMS BOLDLY / TEN CENT TOWN / CLANCY FANCY / MILES AHEAD,0.5,19,YES,HIGH,SLOW,44.3%,70.8%,STRONG_EV,MISS,STRESS_TEST ARM2026 AQU R8 | SCORE=19 | CONF=HIGH | PACE=SLOW | GEM=YES,MISS,-0.5,-1.0,-1.0,-1.0,-3.0
2026-04-12,GPX,3,7,SPIRIT OF JAMAICA,WIN,SPIRIT OF JAMAICA,0.5,15,NO,MEDIUM,SLOW,32.6%,55.6%,STRONG_EV,LOSS,STRESS_TEST ARM2026 GPX R3 | SCORE=15 | CONF=MEDIUM | PACE=SLOW | GEM=NO,LOSS,-0.5,-1.0,-1.0,-1.0,-3.0
2026-04-12,GPX,3,7,SPIRIT OF JAMAICA,PLACE,SPIRIT OF JAMAICA,0.5,15,NO,MEDIUM,SLOW,32.6%,55.6%,STRONG_EV,LOSS,STRESS_TEST ARM2026 GPX R3 | SCORE=15 | CONF=MEDIUM | PACE=SLOW | GEM=NO,LOSS,-0.5,-1.0,-1.0,-1.0,-3.0
2026-04-12,GPX,3,7,SPIRIT OF JAMAICA,SHOW,SPIRIT OF JAMAICA,0.5,15,NO,MEDIUM,SLOW,32.6%,55.6%,STRONG_EV,LOSS,STRESS_TEST ARM2026 GPX R3 | SCORE=15 | CONF=MEDIUM | PACE=SLOW | GEM=NO,LOSS,-0.5,-1.0,-1.0,-1.0,-3.0
2026-04-12,GPX,3,7,SPIRIT OF JAMAICA,EXACTA_BOX,SPIRIT OF JAMAICA / RIYAH AL NIL,0.25,15,NO,MEDIUM,SLOW,32.6%,55.6%,STRONG_EV,MISS,STRESS_TEST ARM2026 GPX R3 | SCORE=15 | CONF=MEDIUM | PACE=SLOW | GEM=NO,MISS,-0.25,-1.0,-1.0,-1.0,-3.0
2026-04-12,GPX,3,7,SPIRIT OF JAMAICA,TRIFECTA_BOX,SPIRIT OF JAMAICA / RIYAH AL NIL / JESSICA'S DREAM,0.25,15,NO,MEDIUM,SLOW,32.6%,55.6%,STRONG_EV,MISS,STRESS_TEST ARM2026 GPX R3 | SCORE=15 | CONF=MEDIUM | PACE=SLOW | GEM=NO,MISS,-0.25,-1.0,-1.0,-1.0,-3.0
2026-04-12,GPX,3,7,SPIRIT OF JAMAICA,SUPERFECTA_BOX,SPIRIT OF JAMAICA / RIYAH AL NIL / JESSICA'S DREAM / GRASS GUZZLER,0.25,15,NO,MEDIUM,SLOW,32.6%,55.6%,STRONG_EV,MISS,STRESS_TEST ARM2026 GPX R3 | SCORE=15 | CONF=MEDIUM | PACE=SLOW | GEM=NO,MISS,-0.25,-1.0,-1.0,-1.0,-3.0
2026-04-12,GPX,4,8,JUST TAKE NOTES,WIN,JUST TAKE NOTES,1.0,20,YES,HIGH,SLOW,65.0%,84.2%,STRONG_EV,WIN,STRESS_TEST ARM2026 GPX R4 | SCORE=20 | CONF=HIGH | PACE=SLOW | GEM=YES,WIN,14.0,14.0,6.2,3.3,23.5
2026-04-12,GPX,4,8,JUST TAKE NOTES,PLACE,JUST TAKE NOTES,1.0,20,YES,HIGH,SLOW,65.0%,84.2%,STRONG_EV,WIN,STRESS_TEST ARM2026 GPX R4 | SCORE=20 | CONF=HIGH | PACE=SLOW | GEM=YES,WIN,6.2,14.0,6.2,3.3,23.5
2026-04-12,GPX,4,8,JUST TAKE NOTES,SHOW,JUST TAKE NOTES,1.0,20,YES,HIGH,SLOW,65.0%,84.2%,STRONG_EV,WIN,STRESS_TEST ARM2026 GPX R4 | SCORE=20 | CONF=HIGH | PACE=SLOW | GEM=YES,WIN,3.3,14.0,6.2,3.3,23.5
2026-04-12,GPX,4,8,JUST TAKE NOTES,EXACTA_BOX,JUST TAKE NOTES / MY LADY JAMES,0.5,20,YES,HIGH,SLOW,65.0%,84.2%,STRONG_EV,MISS,STRESS_TEST ARM2026 GPX R4 | SCORE=20 | CONF=HIGH | PACE=SLOW | GEM=YES,MISS,-0.5,14.0,6.2,3.3,23.5
2026-04-12,GPX,4,8,JUST TAKE NOTES,TRIFECTA_BOX,JUST TAKE NOTES / MY LADY JAMES / EVANORA,0.5,20,YES,HIGH,SLOW,65.0%,84.2%,STRONG_EV,MISS,STRESS_TEST ARM2026 GPX R4 | SCORE=20 | CONF=HIGH | PACE=SLOW | GEM=YES,MISS,-0.5,14.0,6.2,3.3,23.5
2026-04-12,GPX,4,8,JUST TAKE NOTES,SUPERFECTA_BOX,JUST TAKE NOTES / MY LADY JAMES / EVANORA / SLEW DIVA,0.5,20,YES,HIGH,SLOW,65.0%,84.2%,STRONG_EV,MISS,STRESS_TEST ARM2026 GPX R4 | SCORE=20 | CONF=HIGH | PACE=SLOW | GEM=YES,MISS,-0.5,14.0,6.2,3.3,23.5
2026-04-12,GPX,5,7,LADY RIVER LILY,WIN,LADY RIVER LILY,1.0,19,YES,HIGH,SLOW,53.9%,76.6%,STRONG_EV,LOSS,STRESS_TEST ARM2026 GPX R5 | SCORE=19 | CONF=HIGH | PACE=SLOW | GEM=YES,LOSS,-1.0,-1.0,0.3,0.05,-0.65
2026-04-12,GPX,5,7,LADY RIVER LILY,PLACE,LADY RIVER LILY,1.0,19,YES,HIGH,SLOW,53.9%,76.6%,STRONG_EV,WIN,STRESS_TEST ARM2026 GPX R5 | SCORE=19 | CONF=HIGH | PACE=SLOW | GEM=YES,WIN,0.3,-1.0,0.3,0.05,-0.65
2026-04-12,GPX,5,7,LADY RIVER LILY,SHOW,LADY RIVER LILY,1.0,19,YES,HIGH,SLOW,53.9%,76.6%,STRONG_EV,WIN,STRESS_TEST ARM2026 GPX R5 | SCORE=19 | CONF=HIGH | PACE=SLOW | GEM=YES,WIN,0.05,-1.0,0.3,0.05,-0.65
2026-04-12,GPX,5,7,LADY RIVER LILY,EXACTA_BOX,LADY RIVER LILY / SEAT AT THE TABLE,0.5,19,YES,HIGH,SLOW,53.9%,76.6%,STRONG_EV,HIT,STRESS_TEST ARM2026 GPX R5 | SCORE=19 | CONF=HIGH | PACE=SLOW | GEM=YES,HIT,PAYOUT_UNKNOWN,-1.0,0.3,0.05,-0.65
2026-04-12,GPX,5,7,LADY RIVER LILY,TRIFECTA_BOX,LADY RIVER LILY / SEAT AT THE TABLE / MOBAY PRINCESS,0.5,19,YES,HIGH,SLOW,53.9%,76.6%,STRONG_EV,MISS,STRESS_TEST ARM2026 GPX R5 | SCORE=19 | CONF=HIGH | PACE=SLOW | GEM=YES,MISS,-0.5,-1.0,0.3,0.05,-0.65
2026-04-12,GPX,5,7,LADY RIVER LILY,SUPERFECTA_BOX,LADY RIVER LILY / SEAT AT THE TABLE / MOBAY PRINCESS / STARSHIP SERENITY,0.5,19,YES,HIGH,SLOW,53.9%,76.6%,STRONG_EV,MISS,STRESS_TEST ARM2026 GPX R5 | SCORE=19 | CONF=HIGH | PACE=SLOW | GEM=YES,MISS,-0.5,-1.0,0.3,0.05,-0.65
2026-04-12,GPX,6,7,VELOCIRAPTOR,WIN,VELOCIRAPTOR,1.0,19,YES,MEDIUM,MIXED,37.4%,59.3%,STRONG_EV,LOSS,STRESS_TEST ARM2026 GPX R6 | SCORE=19 | CONF=MEDIUM | PACE=MIXED | GEM=YES,LOSS,-1.0,-1.0,1.3,0.5,0.8
2026-04-12,GPX,6,7,VELOCIRAPTOR,PLACE,VELOCIRAPTOR,1.0,19,YES,MEDIUM,MIXED,37.4%,59.3%,STRONG_EV,WIN,STRESS_TEST ARM2026 GPX R6 | SCORE=19 | CONF=MEDIUM | PACE=MIXED | GEM=YES,WIN,1.3,-1.0,1.3,0.5,0.8
2026-04-12,GPX,6,7,VELOCIRAPTOR,SHOW,VELOCIRAPTOR,1.0,19,YES,MEDIUM,MIXED,37.4%,59.3%,STRONG_EV,WIN,STRESS_TEST ARM2026 GPX R6 | SCORE=19 | CONF=MEDIUM | PACE=MIXED | GEM=YES,WIN,0.5,-1.0,1.3,0.5,0.8
2026-04-12,GPX,6,7,VELOCIRAPTOR,EXACTA_BOX,VELOCIRAPTOR / SEND CASH,0.5,19,YES,MEDIUM,MIXED,37.4%,59.3%,STRONG_EV,MISS,STRESS_TEST ARM2026 GPX R6 | SCORE=19 | CONF=MEDIUM | PACE=MIXED | GEM=YES,MISS,-0.5,-1.0,1.3,0.5,0.8
2026-04-12,GPX,6,7,VELOCIRAPTOR,TRIFECTA_BOX,VELOCIRAPTOR / SEND CASH / KORRONGO,0.5,19,YES,MEDIUM,MIXED,37.4%,59.3%,STRONG_EV,MISS,STRESS_TEST ARM2026 GPX R6 | SCORE=19 | CONF=MEDIUM | PACE=MIXED | GEM=YES,MISS,-0.5,-1.0,1.3,0.5,0.8
2026-04-12,GPX,6,7,VELOCIRAPTOR,SUPERFECTA_BOX,VELOCIRAPTOR / SEND CASH / KORRONGO / SWEET INTERLUDE,0.5,19,YES,MEDIUM,MIXED,37.4%,59.3%,STRONG_EV,MISS,STRESS_TEST ARM2026 GPX R6 | SCORE=19 | CONF=MEDIUM | PACE=MIXED | GEM=YES,MISS,-0.5,-1.0,1.3,0.5,0.8
2026-04-12,GPX,8,7,SWASHBUCKLE,WIN,SWASHBUCKLE,0.5,17,NO,MEDIUM,SLOW,29.0%,51.8%,STRONG_EV,LOSS,STRESS_TEST ARM2026 GPX R8 | SCORE=17 | CONF=MEDIUM | PACE=SLOW | GEM=NO,LOSS,-0.5,-1.0,2.0,1.0,2.0
2026-04-12,GPX,8,7,SWASHBUCKLE,PLACE,SWASHBUCKLE,0.5,17,NO,MEDIUM,SLOW,29.0%,51.8%,STRONG_EV,WIN,STRESS_TEST ARM2026 GPX R8 | SCORE=17 | CONF=MEDIUM | PACE=SLOW | GEM=NO,WIN,1.0,-1.0,2.0,1.0,2.0
2026-04-12,GPX,8,7,SWASHBUCKLE,SHOW,SWASHBUCKLE,0.5,17,NO,MEDIUM,SLOW,29.0%,51.8%,STRONG_EV,WIN,STRESS_TEST ARM2026 GPX R8 | SCORE=17 | CONF=MEDIUM | PACE=SLOW | GEM=NO,WIN,0.5,-1.0,2.0,1.0,2.0
2026-04-12,GPX,8,7,SWASHBUCKLE,EXACTA_BOX,SWASHBUCKLE / TO THE EASTSIDE,0.25,17,NO,MEDIUM,SLOW,29.0%,51.8%,STRONG_EV,HIT,STRESS_TEST ARM2026 GPX R8 | SCORE=17 | CONF=MEDIUM | PACE=SLOW | GEM=NO,HIT,PAYOUT_UNKNOWN,-1.0,2.0,1.0,2.0
2026-04-12,GPX,8,7,SWASHBUCKLE,TRIFECTA_BOX,SWASHBUCKLE / TO THE EASTSIDE / DUNE ROAD,0.25,17,NO,MEDIUM,SLOW,29.0%,51.8%,STRONG_EV,MISS,STRESS_TEST ARM2026 GPX R8 | SCORE=17 | CONF=MEDIUM | PACE=SLOW | GEM=NO,MISS,-0.25,-1.0,2.0,1.0,2.0
2026-04-12,GPX,8,7,SWASHBUCKLE,SUPERFECTA_BOX,SWASHBUCKLE / TO THE EASTSIDE / DUNE ROAD / DAI VERNON,0.25,17,NO,MEDIUM,SLOW,29.0%,51.8%,STRONG_EV,MISS,STRESS_TEST ARM2026 GPX R8 | SCORE=17 | CONF=MEDIUM | PACE=SLOW | GEM=NO,MISS,-0.25,-1.0,2.0,1.0,2.0
2026-04-12,GPX,9,11,RULES FOR THREE,WIN,RULES FOR THREE,1.0,18,YES,MEDIUM,SLOW,27.9%,45.6%,STRONG_EV,LOSS,STRESS_TEST ARM2026 GPX R9 | SCORE=18 | CONF=MEDIUM | PACE=SLOW | GEM=YES,LOSS,-1.0,-1.0,-1.0,-1.0,-3.0
2026-04-12,GPX,9,11,RULES FOR THREE,PLACE,RULES FOR THREE,1.0,18,YES,MEDIUM,SLOW,27.9%,45.6%,STRONG_EV,LOSS,STRESS_TEST ARM2026 GPX R9 | SCORE=18 | CONF=MEDIUM | PACE=SLOW | GEM=YES,LOSS,-1.0,-1.0,-1.0,-1.0,-3.0
2026-04-12,GPX,9,11,RULES FOR THREE,SHOW,RULES FOR THREE,1.0,18,YES,MEDIUM,SLOW,27.9%,45.6%,STRONG_EV,LOSS,STRESS_TEST ARM2026 GPX R9 | SCORE=18 | CONF=MEDIUM | PACE=SLOW | GEM=YES,LOSS,-1.0,-1.0,-1.0,-1.0,-3.0
2026-04-12,GPX,9,11,RULES FOR THREE,EXACTA_BOX,RULES FOR THREE / MUSICAL POWER,0.5,18,YES,MEDIUM,SLOW,27.9%,45.6%,STRONG_EV,MISS,STRESS_TEST ARM2026 GPX R9 | SCORE=18 | CONF=MEDIUM | PACE=SLOW | GEM=YES,MISS,-0.5,-1.0,-1.0,-1.0,-3.0
2026-04-12,GPX,9,11,RULES FOR THREE,TRIFECTA_BOX,RULES FOR THREE / MUSICAL POWER / MIMI WILLY,0.5,18,YES,MEDIUM,SLOW,27.9%,45.6%,STRONG_EV,MISS,STRESS_TEST ARM2026 GPX R9 | SCORE=18 | CONF=MEDIUM | PACE=SLOW | GEM=YES,MISS,-0.5,-1.0,-1.0,-1.0,-3.0
2026-04-12,GPX,9,11,RULES FOR THREE,SUPERFECTA_BOX,RULES FOR THREE / MUSICAL POWER / MIMI WILLY / LITTLE TOWN STREET,0.5,18,YES,MEDIUM,SLOW,27.9%,45.6%,STRONG_EV,MISS,STRESS_TEST ARM2026 GPX R9 | SCORE=18 | CONF=MEDIUM | PACE=SLOW | GEM=YES,MISS,-0.5,-1.0,-1.0,-1.0,-3.0
2026-04-12,KEE,1,12,RIVER EMPRESS,WIN,RIVER EMPRESS,1.0,20,YES,HIGH,SLOW,51.0%,72.0%,STRONG_EV,LOSS,STRESS_TEST ARM2026 KEE R1 | SCORE=20 | CONF=HIGH | PACE=SLOW | GEM=YES,LOSS,-1.0,-1.0,-1.0,-1.0,-3.0
2026-04-12,KEE,1,12,RIVER EMPRESS,PLACE,RIVER EMPRESS,1.0,20,YES,HIGH,SLOW,51.0%,72.0%,STRONG_EV,LOSS,STRESS_TEST ARM2026 KEE R1 | SCORE=20 | CONF=HIGH | PACE=SLOW | GEM=YES,LOSS,-1.0,-1.0,-1.0,-1.0,-3.0
2026-04-12,KEE,1,12,RIVER EMPRESS,SHOW,RIVER EMPRESS,1.0,20,YES,HIGH,SLOW,51.0%,72.0%,STRONG_EV,LOSS,STRESS_TEST ARM2026 KEE R1 | SCORE=20 | CONF=HIGH | PACE=SLOW | GEM=YES,LOSS,-1.0,-1.0,-1.0,-1.0,-3.0
2026-04-12,KEE,1,12,RIVER EMPRESS,EXACTA_BOX,RIVER EMPRESS / ISADORA DUNCAN,0.5,20,YES,HIGH,SLOW,51.0%,72.0%,STRONG_EV,MISS,STRESS_TEST ARM2026 KEE R1 | SCORE=20 | CONF=HIGH | PACE=SLOW | GEM=YES,MISS,-0.5,-1.0,-1.0,-1.0,-3.0
2026-04-12,KEE,1,12,RIVER EMPRESS,TRIFECTA_BOX,RIVER EMPRESS / ISADORA DUNCAN / EAT HAY RUN,0.5,20,YES,HIGH,SLOW,51.0%,72.0%,STRONG_EV,MISS,STRESS_TEST ARM2026 KEE R1 | SCORE=20 | CONF=HIGH | PACE=SLOW | GEM=YES,MISS,-0.5,-1.0,-1.0,-1.0,-3.0
2026-04-12,KEE,1,12,RIVER EMPRESS,SUPERFECTA_BOX,RIVER EMPRESS / ISADORA DUNCAN / EAT HAY RUN / YAUDACITY,0.5,20,YES,HIGH,SLOW,51.0%,72.0%,STRONG_EV,MISS,STRESS_TEST ARM2026 KEE R1 | SCORE=20 | CONF=HIGH | PACE=SLOW | GEM=YES,MISS,-0.5,-1.0,-1.0,-1.0,-3.0
2026-04-12,KEE,4,14,MOUNTAIN GRANDEUR,WIN,MOUNTAIN GRANDEUR,1.0,19,YES,HIGH,SLOW,41.5%,62.2%,STRONG_EV,LOSS,STRESS_TEST ARM2026 KEE R4 | SCORE=19 | CONF=HIGH | PACE=SLOW | GEM=YES,LOSS,-1.0,-1.0,-1.0,-1.0,-3.0
2026-04-12,KEE,4,14,MOUNTAIN GRANDEUR,PLACE,MOUNTAIN GRANDEUR,1.0,19,YES,HIGH,SLOW,41.5%,62.2%,STRONG_EV,LOSS,STRESS_TEST ARM2026 KEE R4 | SCORE=19 | CONF=HIGH | PACE=SLOW | GEM=YES,LOSS,-1.0,-1.0,-1.0,-1.0,-3.0
2026-04-12,KEE,4,14,MOUNTAIN GRANDEUR,SHOW,MOUNTAIN GRANDEUR,1.0,19,YES,HIGH,SLOW,41.5%,62.2%,STRONG_EV,LOSS,STRESS_TEST ARM2026 KEE R4 | SCORE=19 | CONF=HIGH | PACE=SLOW | GEM=YES,LOSS,-1.0,-1.0,-1.0,-1.0,-3.0
2026-04-12,KEE,4,14,MOUNTAIN GRANDEUR,EXACTA_BOX,MOUNTAIN GRANDEUR / HARD CIRCLE,0.5,19,YES,HIGH,SLOW,41.5%,62.2%,STRONG_EV,MISS,STRESS_TEST ARM2026 KEE R4 | SCORE=19 | CONF=HIGH | PACE=SLOW | GEM=YES,MISS,-0.5,-1.0,-1.0,-1.0,-3.0
2026-04-12,KEE,4,14,MOUNTAIN GRANDEUR,TRIFECTA_BOX,MOUNTAIN GRANDEUR / HARD CIRCLE / BACKSIDE,0.5,19,YES,HIGH,SLOW,41.5%,62.2%,STRONG_EV,MISS,STRESS_TEST ARM2026 KEE R4 | SCORE=19 | CONF=HIGH | PACE=SLOW | GEM=YES,MISS,-0.5,-1.0,-1.0,-1.0,-3.0
2026-04-12,KEE,4,14,MOUNTAIN GRANDEUR,SUPERFECTA_BOX,MOUNTAIN GRANDEUR / HARD CIRCLE / BACKSIDE / TREGETOUR,0.5,19,YES,HIGH,SLOW,41.5%,62.2%,STRONG_EV,MISS,STRESS_TEST ARM2026 KEE R4 | SCORE=19 | CONF=HIGH | PACE=SLOW | GEM=YES,MISS,-0.5,-1.0,-1.0,-1.0,-3.0
2026-04-12,KEE,5,13,EMPRESS SISI,WIN,EMPRESS SISI,1.0,18,YES,MEDIUM,SLOW,32.2%,52.9%,STRONG_EV,LOSS,STRESS_TEST ARM2026 KEE R5 | SCORE=18 | CONF=MEDIUM | PACE=SLOW | GEM=YES,LOSS,-1.0,-1.0,-1.0,-1.0,-3.0
2026-04-12,KEE,5,13,EMPRESS SISI,PLACE,EMPRESS SISI,1.0,18,YES,MEDIUM,SLOW,32.2%,52.9%,STRONG_EV,LOSS,STRESS_TEST ARM2026 KEE R5 | SCORE=18 | CONF=MEDIUM | PACE=SLOW | GEM=YES,LOSS,-1.0,-1.0,-1.0,-1.0,-3.0
2026-04-12,KEE,5,13,EMPRESS SISI,SHOW,EMPRESS SISI,1.0,18,YES,MEDIUM,SLOW,32.2%,52.9%,STRONG_EV,LOSS,STRESS_TEST ARM2026 KEE R5 | SCORE=18 | CONF=MEDIUM | PACE=SLOW | GEM=YES,LOSS,-1.0,-1.0,-1.0,-1.0,-3.0
2026-04-12,KEE,5,13,EMPRESS SISI,EXACTA_BOX,EMPRESS SISI / BEACH BALLAD,0.5,18,YES,MEDIUM,SLOW,32.2%,52.9%,STRONG_EV,MISS,STRESS_TEST ARM2026 KEE R5 | SCORE=18 | CONF=MEDIUM | PACE=SLOW | GEM=YES,MISS,-0.5,-1.0,-1.0,-1.0,-3.0
2026-04-12,KEE,5,13,EMPRESS SISI,TRIFECTA_BOX,EMPRESS SISI / BEACH BALLAD / EVANGALINA,0.5,18,YES,MEDIUM,SLOW,32.2%,52.9%,STRONG_EV,MISS,STRESS_TEST ARM2026 KEE R5 | SCORE=18 | CONF=MEDIUM | PACE=SLOW | GEM=YES,MISS,-0.5,-1.0,-1.0,-1.0,-3.0
2026-04-12,KEE,5,13,EMPRESS SISI,SUPERFECTA_BOX,EMPRESS SISI / BEACH BALLAD / EVANGALINA / MUNNINGS TALKS,0.5,18,YES,MEDIUM,SLOW,32.2%,52.9%,STRONG_EV,MISS,STRESS_TEST ARM2026 KEE R5 | SCORE=18 | CONF=MEDIUM | PACE=SLOW | GEM=YES,MISS,-0.5,-1.0,-1.0,-1.0,-3.0
2026-04-12,KEE,8,9,MR. VAGGIO,WIN,MR. VAGGIO,1.0,18,YES,HIGH,SLOW,46.0%,69.1%,STRONG_EV,LOSS,STRESS_TEST ARM2026 KEE R8 | SCORE=18 | CONF=HIGH | PACE=SLOW | GEM=YES,LOSS,-1.0,-1.0,-1.0,-1.0,-3.0
2026-04-12,KEE,8,9,MR. VAGGIO,PLACE,MR. VAGGIO,1.0,18,YES,HIGH,SLOW,46.0%,69.1%,STRONG_EV,LOSS,STRESS_TEST ARM2026 KEE R8 | SCORE=18 | CONF=HIGH | PACE=SLOW | GEM=YES,LOSS,-1.0,-1.0,-1.0,-1.0,-3.0
2026-04-12,KEE,8,9,MR. VAGGIO,SHOW,MR. VAGGIO,1.0,18,YES,HIGH,SLOW,46.0%,69.1%,STRONG_EV,LOSS,STRESS_TEST ARM2026 KEE R8 | SCORE=18 | CONF=HIGH | PACE=SLOW | GEM=YES,LOSS,-1.0,-1.0,-1.0,-1.0,-3.0
2026-04-12,KEE,8,9,MR. VAGGIO,EXACTA_BOX,MR. VAGGIO / ASSOCIATED,0.5,18,YES,HIGH,SLOW,46.0%,69.1%,STRONG_EV,MISS,STRESS_TEST ARM2026 KEE R8 | SCORE=18 | CONF=HIGH | PACE=SLOW | GEM=YES,MISS,-0.5,-1.0,-1.0,-1.0,-3.0
2026-04-12,KEE,8,9,MR. VAGGIO,TRIFECTA_BOX,MR. VAGGIO / ASSOCIATED / CRITERIA,0.5,18,YES,HIGH,SLOW,46.0%,69.1%,STRONG_EV,MISS,STRESS_TEST ARM2026 KEE R8 | SCORE=18 | CONF=HIGH | PACE=SLOW | GEM=YES,MISS,-0.5,-1.0,-1.0,-1.0,-3.0
2026-04-12,KEE,8,9,MR. VAGGIO,SUPERFECTA_BOX,MR. VAGGIO / ASSOCIATED / CRITERIA / MARKET RUNNER,0.5,18,YES,HIGH,SLOW,46.0%,69.1%,STRONG_EV,MISS,STRESS_TEST ARM2026 KEE R8 | SCORE=18 | CONF=HIGH | PACE=SLOW | GEM=YES,MISS,-0.5,-1.0,-1.0,-1.0,-3.0
2026-04-12,LRL,1,10,WATCH ME SPARKLE,WIN,WATCH ME SPARKLE,0.5,16,NO,MEDIUM,SLOW,35.2%,56.4%,STRONG_EV,LOSS,STRESS_TEST ARM2026 LRL R1 | SCORE=16 | CONF=MEDIUM | PACE=SLOW | GEM=NO,LOSS,-0.5,-1.0,-1.0,-1.0,-3.0
2026-04-12,LRL,1,10,WATCH ME SPARKLE,PLACE,WATCH ME SPARKLE,0.5,16,NO,MEDIUM,SLOW,35.2%,56.4%,STRONG_EV,LOSS,STRESS_TEST ARM2026 LRL R1 | SCORE=16 | CONF=MEDIUM | PACE=SLOW | GEM=NO,LOSS,-0.5,-1.0,-1.0,-1.0,-3.0
2026-04-12,LRL,1,10,WATCH ME SPARKLE,SHOW,WATCH ME SPARKLE,0.5,16,NO,MEDIUM,SLOW,35.2%,56.4%,STRONG_EV,LOSS,STRESS_TEST ARM2026 LRL R1 | SCORE=16 | CONF=MEDIUM | PACE=SLOW | GEM=NO,LOSS,-0.5,-1.0,-1.0,-1.0,-3.0
2026-04-12,LRL,1,10,WATCH ME SPARKLE,EXACTA_BOX,WATCH ME SPARKLE / SEGER SONGS,0.25,16,NO,MEDIUM,SLOW,35.2%,56.4%,STRONG_EV,MISS,STRESS_TEST ARM2026 LRL R1 | SCORE=16 | CONF=MEDIUM | PACE=SLOW | GEM=NO,MISS,-0.25,-1.0,-1.0,-1.0,-3.0
2026-04-12,LRL,1,10,WATCH ME SPARKLE,TRIFECTA_BOX,WATCH ME SPARKLE / SEGER SONGS / HAY GRACE BRENNAN,0.25,16,NO,MEDIUM,SLOW,35.2%,56.4%,STRONG_EV,MISS,STRESS_TEST ARM2026 LRL R1 | SCORE=16 | CONF=MEDIUM | PACE=SLOW | GEM=NO,MISS,-0.25,-1.0,-1.0,-1.0,-3.0
2026-04-12,LRL,1,10,WATCH ME SPARKLE,SUPERFECTA_BOX,WATCH ME SPARKLE / SEGER SONGS / HAY GRACE BRENNAN / LIVE LIFE,0.25,16,NO,MEDIUM,SLOW,35.2%,56.4%,STRONG_EV,MISS,STRESS_TEST ARM2026 LRL R1 | SCORE=16 | CONF=MEDIUM | PACE=SLOW | GEM=NO,MISS,-0.25,-1.0,-1.0,-1.0,-3.0
2026-04-12,LRL,2,10,D HOPPER,WIN,D HOPPER,1.0,18,YES,HIGH,SLOW,46.8%,67.2%,STRONG_EV,LOSS,STRESS_TEST ARM2026 LRL R2 | SCORE=18 | CONF=HIGH | PACE=SLOW | GEM=YES,LOSS,-1.0,-1.0,-1.0,-1.0,-3.0
2026-04-12,LRL,2,10,D HOPPER,PLACE,D HOPPER,1.0,18,YES,HIGH,SLOW,46.8%,67.2%,STRONG_EV,LOSS,STRESS_TEST ARM2026 LRL R2 | SCORE=18 | CONF=HIGH | PACE=SLOW | GEM=YES,LOSS,-1.0,-1.0,-1.0,-1.0,-3.0
2026-04-12,LRL,2,10,D HOPPER,SHOW,D HOPPER,1.0,18,YES,HIGH,SLOW,46.8%,67.2%,STRONG_EV,LOSS,STRESS_TEST ARM2026 LRL R2 | SCORE=18 | CONF=HIGH | PACE=SLOW | GEM=YES,LOSS,-1.0,-1.0,-1.0,-1.0,-3.0
2026-04-12,LRL,2,10,D HOPPER,EXACTA_BOX,D HOPPER / ELLINGER,0.5,18,YES,HIGH,SLOW,46.8%,67.2%,STRONG_EV,MISS,STRESS_TEST ARM2026 LRL R2 | SCORE=18 | CONF=HIGH | PACE=SLOW | GEM=YES,MISS,-0.5,-1.0,-1.0,-1.0,-3.0
2026-04-12,LRL,2,10,D HOPPER,TRIFECTA_BOX,D HOPPER / ELLINGER / WORLD ON FIRE,0.5,18,YES,HIGH,SLOW,46.8%,67.2%,STRONG_EV,MISS,STRESS_TEST ARM2026 LRL R2 | SCORE=18 | CONF=HIGH | PACE=SLOW | GEM=YES,MISS,-0.5,-1.0,-1.0,-1.0,-3.0
2026-04-12,LRL,2,10,D HOPPER,SUPERFECTA_BOX,D HOPPER / ELLINGER / WORLD ON FIRE / LOU'S BIRTHDAY,0.5,18,YES,HIGH,SLOW,46.8%,67.2%,STRONG_EV,MISS,STRESS_TEST ARM2026 LRL R2 | SCORE=18 | CONF=HIGH | PACE=SLOW | GEM=YES,MISS,-0.5,-1.0,-1.0,-1.0,-3.0
2026-04-12,LRL,5,13,ELVIS HIMSELF,WIN,ELVIS HIMSELF,1.0,18,YES,MEDIUM,SLOW,35.7%,54.7%,STRONG_EV,LOSS,STRESS_TEST ARM2026 LRL R5 | SCORE=18 | CONF=MEDIUM | PACE=SLOW | GEM=YES,LOSS,-1.0,-1.0,-1.0,-1.0,-3.0
2026-04-12,LRL,5,13,ELVIS HIMSELF,PLACE,ELVIS HIMSELF,1.0,18,YES,MEDIUM,SLOW,35.7%,54.7%,STRONG_EV,LOSS,STRESS_TEST ARM2026 LRL R5 | SCORE=18 | CONF=MEDIUM | PACE=SLOW | GEM=YES,LOSS,-1.0,-1.0,-1.0,-1.0,-3.0
2026-04-12,LRL,5,13,ELVIS HIMSELF,SHOW,ELVIS HIMSELF,1.0,18,YES,MEDIUM,SLOW,35.7%,54.7%,STRONG_EV,LOSS,STRESS_TEST ARM2026 LRL R5 | SCORE=18 | CONF=MEDIUM | PACE=SLOW | GEM=YES,LOSS,-1.0,-1.0,-1.0,-1.0,-3.0
2026-04-12,LRL,5,13,ELVIS HIMSELF,EXACTA_BOX,ELVIS HIMSELF / WATCH OUT WORLD,0.5,18,YES,MEDIUM,SLOW,35.7%,54.7%,STRONG_EV,MISS,STRESS_TEST ARM2026 LRL R5 | SCORE=18 | CONF=MEDIUM | PACE=SLOW | GEM=YES,MISS,-0.5,-1.0,-1.0,-1.0,-3.0
2026-04-12,LRL,5,13,ELVIS HIMSELF,TRIFECTA_BOX,ELVIS HIMSELF / WATCH OUT WORLD / BUILT BY KHOZAN,0.5,18,YES,MEDIUM,SLOW,35.7%,54.7%,STRONG_EV,MISS,STRESS_TEST ARM2026 LRL R5 | SCORE=18 | CONF=MEDIUM | PACE=SLOW | GEM=YES,MISS,-0.5,-1.0,-1.0,-1.0,-3.0
2026-04-12,LRL,5,13,ELVIS HIMSELF,SUPERFECTA_BOX,ELVIS HIMSELF / WATCH OUT WORLD / BUILT BY KHOZAN / PARKES,0.5,18,YES,MEDIUM,SLOW,35.7%,54.7%,STRONG_EV,MISS,STRESS_TEST ARM2026 LRL R5 | SCORE=18 | CONF=MEDIUM | PACE=SLOW | GEM=YES,MISS,-0.5,-1.0,-1.0,-1.0,-3.0
2026-04-12,LRL,6,13,R J'S ICE,WIN,R J'S ICE,1.0,18,YES,HIGH,SLOW,61.4%,79.9%,STRONG_EV,WIN,STRESS_TEST ARM2026 LRL R6 | SCORE=18 | CONF=HIGH | PACE=SLOW | GEM=YES,WIN,7.2,7.2,2.4,1.3,10.9
2026-04-12,LRL,6,13,R J'S ICE,PLACE,R J'S ICE,1.0,18,YES,HIGH,SLOW,61.4%,79.9%,STRONG_EV,WIN,STRESS_TEST ARM2026 LRL R6 | SCORE=18 | CONF=HIGH | PACE=SLOW | GEM=YES,WIN,2.4,7.2,2.4,1.3,10.9
2026-04-12,LRL,6,13,R J'S ICE,SHOW,R J'S ICE,1.0,18,YES,HIGH,SLOW,61.4%,79.9%,STRONG_EV,WIN,STRESS_TEST ARM2026 LRL R6 | SCORE=18 | CONF=HIGH | PACE=SLOW | GEM=YES,WIN,1.3,7.2,2.4,1.3,10.9
2026-04-12,LRL,6,13,R J'S ICE,EXACTA_BOX,R J'S ICE / LOVE YOURSELF,0.5,18,YES,HIGH,SLOW,61.4%,79.9%,STRONG_EV,HIT,STRESS_TEST ARM2026 LRL R6 | SCORE=18 | CONF=HIGH | PACE=SLOW | GEM=YES,HIT,PAYOUT_UNKNOWN,7.2,2.4,1.3,10.9
2026-04-12,LRL,6,13,R J'S ICE,TRIFECTA_BOX,R J'S ICE / LOVE YOURSELF / KING OF THE CROSS,0.5,18,YES,HIGH,SLOW,61.4%,79.9%,STRONG_EV,MISS,STRESS_TEST ARM2026 LRL R6 | SCORE=18 | CONF=HIGH | PACE=SLOW | GEM=YES,MISS,-0.5,7.2,2.4,1.3,10.9
2026-04-12,LRL,6,13,R J'S ICE,SUPERFECTA_BOX,R J'S ICE / LOVE YOURSELF / KING OF THE CROSS / FORTUNE HILL,0.5,18,YES,HIGH,SLOW,61.4%,79.9%,STRONG_EV,MISS,STRESS_TEST ARM2026 LRL R6 | SCORE=18 | CONF=HIGH | PACE=SLOW | GEM=YES,MISS,-0.5,7.2,2.4,1.3,10.9
2026-04-12,LRL,8,7,GLOWS IN THE DARK,WIN,GLOWS IN THE DARK,1.0,18,YES,MEDIUM,SLOW,38.8%,60.2%,STRONG_EV,LOSS,STRESS_TEST ARM2026 LRL R8 | SCORE=18 | CONF=MEDIUM | PACE=SLOW | GEM=YES,LOSS,-1.0,-1.0,-1.0,-1.0,-3.0
2026-04-12,LRL,8,7,GLOWS IN THE DARK,PLACE,GLOWS IN THE DARK,1.0,18,YES,MEDIUM,SLOW,38.8%,60.2%,STRONG_EV,LOSS,STRESS_TEST ARM2026 LRL R8 | SCORE=18 | CONF=MEDIUM | PACE=SLOW | GEM=YES,LOSS,-1.0,-1.0,-1.0,-1.0,-3.0
2026-04-12,LRL,8,7,GLOWS IN THE DARK,SHOW,GLOWS IN THE DARK,1.0,18,YES,MEDIUM,SLOW,38.8%,60.2%,STRONG_EV,LOSS,STRESS_TEST ARM2026 LRL R8 | SCORE=18 | CONF=MEDIUM | PACE=SLOW | GEM=YES,LOSS,-1.0,-1.0,-1.0,-1.0,-3.0
2026-04-12,LRL,8,7,GLOWS IN THE DARK,EXACTA_BOX,GLOWS IN THE DARK / SPENCERIAN,0.5,18,YES,MEDIUM,SLOW,38.8%,60.2%,STRONG_EV,MISS,STRESS_TEST ARM2026 LRL R8 | SCORE=18 | CONF=MEDIUM | PACE=SLOW | GEM=YES,MISS,-0.5,-1.0,-1.0,-1.0,-3.0
2026-04-12,LRL,8,7,GLOWS IN THE DARK,TRIFECTA_BOX,GLOWS IN THE DARK / SPENCERIAN / KILO ROAD,0.5,18,YES,MEDIUM,SLOW,38.8%,60.2%,STRONG_EV,MISS,STRESS_TEST ARM2026 LRL R8 | SCORE=18 | CONF=MEDIUM | PACE=SLOW | GEM=YES,MISS,-0.5,-1.0,-1.0,-1.0,-3.0
2026-04-12,LRL,8,7,GLOWS IN THE DARK,SUPERFECTA_BOX,GLOWS IN THE DARK / SPENCERIAN / KILO ROAD / SHKHARA FIRE,0.5,18,YES,MEDIUM,SLOW,38.8%,60.2%,STRONG_EV,MISS,STRESS_TEST ARM2026 LRL R8 | SCORE=18 | CONF=MEDIUM | PACE=SLOW | GEM=YES,MISS,-0.5,-1.0,-1.0,-1.0,-3.0
2026-04-12,OPX,1,7,LADY PIPPA,WIN,LADY PIPPA,0.5,17,NO,MEDIUM,SLOW,31.1%,52.9%,STRONG_EV,LOSS,STRESS_TEST ARM2026 OPX R1 | SCORE=17 | CONF=MEDIUM | PACE=SLOW | GEM=NO,LOSS,-0.5,-1.0,-1.0,0.05,-1.95
2026-04-12,OPX,1,7,LADY PIPPA,PLACE,LADY PIPPA,0.5,17,NO,MEDIUM,SLOW,31.1%,52.9%,STRONG_EV,LOSS,STRESS_TEST ARM2026 OPX R1 | SCORE=17 | CONF=MEDIUM | PACE=SLOW | GEM=NO,LOSS,-0.5,-1.0,-1.0,0.05,-1.95
2026-04-12,OPX,1,7,LADY PIPPA,SHOW,LADY PIPPA,0.5,17,NO,MEDIUM,SLOW,31.1%,52.9%,STRONG_EV,WIN,STRESS_TEST ARM2026 OPX R1 | SCORE=17 | CONF=MEDIUM | PACE=SLOW | GEM=NO,WIN,0.025,-1.0,-1.0,0.05,-1.95
2026-04-12,OPX,1,7,LADY PIPPA,EXACTA_BOX,LADY PIPPA / TIZNTSHELOVELY,0.25,17,NO,MEDIUM,SLOW,31.1%,52.9%,STRONG_EV,MISS,STRESS_TEST ARM2026 OPX R1 | SCORE=17 | CONF=MEDIUM | PACE=SLOW | GEM=NO,MISS,-0.25,-1.0,-1.0,0.05,-1.95
2026-04-12,OPX,1,7,LADY PIPPA,TRIFECTA_BOX,LADY PIPPA / TIZNTSHELOVELY / SHE'S NOT A JOKE,0.25,17,NO,MEDIUM,SLOW,31.1%,52.9%,STRONG_EV,MISS,STRESS_TEST ARM2026 OPX R1 | SCORE=17 | CONF=MEDIUM | PACE=SLOW | GEM=NO,MISS,-0.25,-1.0,-1.0,0.05,-1.95
2026-04-12,OPX,1,7,LADY PIPPA,SUPERFECTA_BOX,LADY PIPPA / TIZNTSHELOVELY / SHE'S NOT A JOKE / RANDO,0.25,17,NO,MEDIUM,SLOW,31.1%,52.9%,STRONG_EV,MISS,STRESS_TEST ARM2026 OPX R1 | SCORE=17 | CONF=MEDIUM | PACE=SLOW | GEM=NO,MISS,-0.25,-1.0,-1.0,0.05,-1.95
2026-04-12,OPX,2,9,VALESKA'S PROMISE,WIN,VALESKA'S PROMISE,0.5,17,NO,MEDIUM,SLOW,34.2%,54.0%,STRONG_EV,LOSS,STRESS_TEST ARM2026 OPX R2 | SCORE=17 | CONF=MEDIUM | PACE=SLOW | GEM=NO,LOSS,-0.5,-1.0,-1.0,-1.0,-3.0
2026-04-12,OPX,2,9,VALESKA'S PROMISE,PLACE,VALESKA'S PROMISE,0.5,17,NO,MEDIUM,SLOW,34.2%,54.0%,STRONG_EV,LOSS,STRESS_TEST ARM2026 OPX R2 | SCORE=17 | CONF=MEDIUM | PACE=SLOW | GEM=NO,LOSS,-0.5,-1.0,-1.0,-1.0,-3.0
2026-04-12,OPX,2,9,VALESKA'S PROMISE,SHOW,VALESKA'S PROMISE,0.5,17,NO,MEDIUM,SLOW,34.2%,54.0%,STRONG_EV,LOSS,STRESS_TEST ARM2026 OPX R2 | SCORE=17 | CONF=MEDIUM | PACE=SLOW | GEM=NO,LOSS,-0.5,-1.0,-1.0,-1.0,-3.0
2026-04-12,OPX,2,9,VALESKA'S PROMISE,EXACTA_BOX,VALESKA'S PROMISE / MIRACLE MINDED,0.25,17,NO,MEDIUM,SLOW,34.2%,54.0%,STRONG_EV,MISS,STRESS_TEST ARM2026 OPX R2 | SCORE=17 | CONF=MEDIUM | PACE=SLOW | GEM=NO,MISS,-0.25,-1.0,-1.0,-1.0,-3.0
2026-04-12,OPX,2,9,VALESKA'S PROMISE,TRIFECTA_BOX,VALESKA'S PROMISE / MIRACLE MINDED / MISS CHOCOLATTE,0.25,17,NO,MEDIUM,SLOW,34.2%,54.0%,STRONG_EV,MISS,STRESS_TEST ARM2026 OPX R2 | SCORE=17 | CONF=MEDIUM | PACE=SLOW | GEM=NO,MISS,-0.25,-1.0,-1.0,-1.0,-3.0
2026-04-12,OPX,2,9,VALESKA'S PROMISE,SUPERFECTA_BOX,VALESKA'S PROMISE / MIRACLE MINDED / MISS CHOCOLATTE / BACK NINE,0.25,17,NO,MEDIUM,SLOW,34.2%,54.0%,STRONG_EV,MISS,STRESS_TEST ARM2026 OPX R2 | SCORE=17 | CONF=MEDIUM | PACE=SLOW | GEM=NO,MISS,-0.25,-1.0,-1.0,-1.0,-3.0
2026-04-12,OPX,6,9,AMAZING AMANDA,WIN,AMAZING AMANDA,0.5,17,NO,MEDIUM,SLOW,31.2%,50.5%,STRONG_EV,LOSS,STRESS_TEST ARM2026 OPX R6 | SCORE=17 | CONF=MEDIUM | PACE=SLOW | GEM=NO,LOSS,-0.5,-1.0,1.1,0.3,0.4
2026-04-12,OPX,6,9,AMAZING AMANDA,PLACE,AMAZING AMANDA,0.5,17,NO,MEDIUM,SLOW,31.2%,50.5%,STRONG_EV,WIN,STRESS_TEST ARM2026 OPX R6 | SCORE=17 | CONF=MEDIUM | PACE=SLOW | GEM=NO,WIN,0.55,-1.0,1.1,0.3,0.4
2026-04-12,OPX,6,9,AMAZING AMANDA,SHOW,AMAZING AMANDA,0.5,17,NO,MEDIUM,SLOW,31.2%,50.5%,STRONG_EV,WIN,STRESS_TEST ARM2026 OPX R6 | SCORE=17 | CONF=MEDIUM | PACE=SLOW | GEM=NO,WIN,0.15,-1.0,1.1,0.3,0.4
2026-04-12,OPX,6,9,AMAZING AMANDA,EXACTA_BOX,AMAZING AMANDA / EASY KISS,0.25,17,NO,MEDIUM,SLOW,31.2%,50.5%,STRONG_EV,MISS,STRESS_TEST ARM2026 OPX R6 | SCORE=17 | CONF=MEDIUM | PACE=SLOW | GEM=NO,MISS,-0.25,-1.0,1.1,0.3,0.4
2026-04-12,OPX,6,9,AMAZING AMANDA,TRIFECTA_BOX,AMAZING AMANDA / EASY KISS / BACHELOR PARTY,0.25,17,NO,MEDIUM,SLOW,31.2%,50.5%,STRONG_EV,MISS,STRESS_TEST ARM2026 OPX R6 | SCORE=17 | CONF=MEDIUM | PACE=SLOW | GEM=NO,MISS,-0.25,-1.0,1.1,0.3,0.4
2026-04-12,OPX,6,9,AMAZING AMANDA,SUPERFECTA_BOX,AMAZING AMANDA / EASY KISS / BACHELOR PARTY / HELLO ANGEL,0.25,17,NO,MEDIUM,SLOW,31.2%,50.5%,STRONG_EV,MISS,STRESS_TEST ARM2026 OPX R6 | SCORE=17 | CONF=MEDIUM | PACE=SLOW | GEM=NO,MISS,-0.25,-1.0,1.1,0.3,0.4
2026-04-12,OPX,8,12,STEPHANIE STARFISH,WIN,STEPHANIE STARFISH,1.0,18,YES,MEDIUM,SLOW,37.1%,57.8%,STRONG_EV,LOSS,STRESS_TEST ARM2026 OPX R8 | SCORE=18 | CONF=MEDIUM | PACE=SLOW | GEM=YES,LOSS,-1.0,-1.0,-1.0,-1.0,-3.0
2026-04-12,OPX,8,12,STEPHANIE STARFISH,PLACE,STEPHANIE STARFISH,1.0,18,YES,MEDIUM,SLOW,37.1%,57.8%,STRONG_EV,LOSS,STRESS_TEST ARM2026 OPX R8 | SCORE=18 | CONF=MEDIUM | PACE=SLOW | GEM=YES,LOSS,-1.0,-1.0,-1.0,-1.0,-3.0
2026-04-12,OPX,8,12,STEPHANIE STARFISH,SHOW,STEPHANIE STARFISH,1.0,18,YES,MEDIUM,SLOW,37.1%,57.8%,STRONG_EV,LOSS,STRESS_TEST ARM2026 OPX R8 | SCORE=18 | CONF=MEDIUM | PACE=SLOW | GEM=YES,LOSS,-1.0,-1.0,-1.0,-1.0,-3.0
2026-04-12,OPX,8,12,STEPHANIE STARFISH,EXACTA_BOX,STEPHANIE STARFISH / NGALA,0.5,18,YES,MEDIUM,SLOW,37.1%,57.8%,STRONG_EV,MISS,STRESS_TEST ARM2026 OPX R8 | SCORE=18 | CONF=MEDIUM | PACE=SLOW | GEM=YES,MISS,-0.5,-1.0,-1.0,-1.0,-3.0
2026-04-12,OPX,8,12,STEPHANIE STARFISH,TRIFECTA_BOX,STEPHANIE STARFISH / NGALA / WOODRUFF,0.5,18,YES,MEDIUM,SLOW,37.1%,57.8%,STRONG_EV,MISS,STRESS_TEST ARM2026 OPX R8 | SCORE=18 | CONF=MEDIUM | PACE=SLOW | GEM=YES,MISS,-0.5,-1.0,-1.0,-1.0,-3.0
2026-04-12,OPX,8,12,STEPHANIE STARFISH,SUPERFECTA_BOX,STEPHANIE STARFISH / NGALA / WOODRUFF / STREET PAINTER,0.5,18,YES,MEDIUM,SLOW,37.1%,57.8%,STRONG_EV,MISS,STRESS_TEST ARM2026 OPX R8 | SCORE=18 | CONF=MEDIUM | PACE=SLOW | GEM=YES,MISS,-0.5,-1.0,-1.0,-1.0,-3.0
2026-04-12,TAM,1,7,DARK WIND,WIN,DARK WIND,0.5,16,NO,MEDIUM,SLOW,30.9%,51.3%,STRONG_EV,LOSS,STRESS_TEST ARM2026 TAM R1 | SCORE=16 | CONF=MEDIUM | PACE=SLOW | GEM=NO,LOSS,-0.5,-1.0,-1.0,0.1,-1.9
2026-04-12,TAM,1,7,DARK WIND,PLACE,DARK WIND,0.5,16,NO,MEDIUM,SLOW,30.9%,51.3%,STRONG_EV,LOSS,STRESS_TEST ARM2026 TAM R1 | SCORE=16 | CONF=MEDIUM | PACE=SLOW | GEM=NO,LOSS,-0.5,-1.0,-1.0,0.1,-1.9
2026-04-12,TAM,1,7,DARK WIND,SHOW,DARK WIND,0.5,16,NO,MEDIUM,SLOW,30.9%,51.3%,STRONG_EV,WIN,STRESS_TEST ARM2026 TAM R1 | SCORE=16 | CONF=MEDIUM | PACE=SLOW | GEM=NO,WIN,0.05,-1.0,-1.0,0.1,-1.9
2026-04-12,TAM,1,7,DARK WIND,EXACTA_BOX,DARK WIND / CHICA MUSIC,0.25,16,NO,MEDIUM,SLOW,30.9%,51.3%,STRONG_EV,MISS,STRESS_TEST ARM2026 TAM R1 | SCORE=16 | CONF=MEDIUM | PACE=SLOW | GEM=NO,MISS,-0.25,-1.0,-1.0,0.1,-1.9
2026-04-12,TAM,1,7,DARK WIND,TRIFECTA_BOX,DARK WIND / CHICA MUSIC / BLUES CROSS,0.25,16,NO,MEDIUM,SLOW,30.9%,51.3%,STRONG_EV,MISS,STRESS_TEST ARM2026 TAM R1 | SCORE=16 | CONF=MEDIUM | PACE=SLOW | GEM=NO,MISS,-0.25,-1.0,-1.0,0.1,-1.9
2026-04-12,TAM,1,7,DARK WIND,SUPERFECTA_BOX,DARK WIND / CHICA MUSIC / BLUES CROSS / FORGET TOMORROW,0.25,16,NO,MEDIUM,SLOW,30.9%,51.3%,STRONG_EV,MISS,STRESS_TEST ARM2026 TAM R1 | SCORE=16 | CONF=MEDIUM | PACE=SLOW | GEM=NO,MISS,-0.25,-1.0,-1.0,0.1,-1.9
2026-04-12,TAM,2,7,KISSINTHELADIES,WIN,KISSINTHELADIES,1.0,18,YES,HIGH,SLOW,51.3%,73.1%,STRONG_EV,LOSS,STRESS_TEST ARM2026 TAM R2 | SCORE=18 | CONF=HIGH | PACE=SLOW | GEM=YES,LOSS,-1.0,-1.0,-1.0,-1.0,-3.0
2026-04-12,TAM,2,7,KISSINTHELADIES,PLACE,KISSINTHELADIES,1.0,18,YES,HIGH,SLOW,51.3%,73.1%,STRONG_EV,LOSS,STRESS_TEST ARM2026 TAM R2 | SCORE=18 | CONF=HIGH | PACE=SLOW | GEM=YES,LOSS,-1.0,-1.0,-1.0,-1.0,-3.0
2026-04-12,TAM,2,7,KISSINTHELADIES,SHOW,KISSINTHELADIES,1.0,18,YES,HIGH,SLOW,51.3%,73.1%,STRONG_EV,LOSS,STRESS_TEST ARM2026 TAM R2 | SCORE=18 | CONF=HIGH | PACE=SLOW | GEM=YES,LOSS,-1.0,-1.0,-1.0,-1.0,-3.0
2026-04-12,TAM,2,7,KISSINTHELADIES,EXACTA_BOX,KISSINTHELADIES / JUDY CHOP,0.5,18,YES,HIGH,SLOW,51.3%,73.1%,STRONG_EV,MISS,STRESS_TEST ARM2026 TAM R2 | SCORE=18 | CONF=HIGH | PACE=SLOW | GEM=YES,MISS,-0.5,-1.0,-1.0,-1.0,-3.0
2026-04-12,TAM,2,7,KISSINTHELADIES,TRIFECTA_BOX,KISSINTHELADIES / JUDY CHOP / PAMPERO,0.5,18,YES,HIGH,SLOW,51.3%,73.1%,STRONG_EV,MISS,STRESS_TEST ARM2026 TAM R2 | SCORE=18 | CONF=HIGH | PACE=SLOW | GEM=YES,MISS,-0.5,-1.0,-1.0,-1.0,-3.0
2026-04-12,TAM,2,7,KISSINTHELADIES,SUPERFECTA_BOX,KISSINTHELADIES / JUDY CHOP / PAMPERO / NEOSTAR,0.5,18,YES,HIGH,SLOW,51.3%,73.1%,STRONG_EV,MISS,STRESS_TEST ARM2026 TAM R2 | SCORE=18 | CONF=HIGH | PACE=SLOW | GEM=YES,MISS,-0.5,-1.0,-1.0,-1.0,-3.0
2026-04-12,TAM,5,13,FILLYRULES,WIN,FILLYRULES,0.5,17,NO,MEDIUM,SLOW,32.3%,51.1%,STRONG_EV,LOSS,STRESS_TEST ARM2026 TAM R5 | SCORE=17 | CONF=MEDIUM | PACE=SLOW | GEM=NO,LOSS,-0.5,-1.0,-1.0,-1.0,-3.0
2026-04-12,TAM,5,13,FILLYRULES,PLACE,FILLYRULES,0.5,17,NO,MEDIUM,SLOW,32.3%,51.1%,STRONG_EV,LOSS,STRESS_TEST ARM2026 TAM R5 | SCORE=17 | CONF=MEDIUM | PACE=SLOW | GEM=NO,LOSS,-0.5,-1.0,-1.0,-1.0,-3.0
2026-04-12,TAM,5,13,FILLYRULES,SHOW,FILLYRULES,0.5,17,NO,MEDIUM,SLOW,32.3%,51.1%,STRONG_EV,LOSS,STRESS_TEST ARM2026 TAM R5 | SCORE=17 | CONF=MEDIUM | PACE=SLOW | GEM=NO,LOSS,-0.5,-1.0,-1.0,-1.0,-3.0
2026-04-12,TAM,5,13,FILLYRULES,EXACTA_BOX,FILLYRULES / EZ YOURS,0.25,17,NO,MEDIUM,SLOW,32.3%,51.1%,STRONG_EV,MISS,STRESS_TEST ARM2026 TAM R5 | SCORE=17 | CONF=MEDIUM | PACE=SLOW | GEM=NO,MISS,-0.25,-1.0,-1.0,-1.0,-3.0
2026-04-12,TAM,5,13,FILLYRULES,TRIFECTA_BOX,FILLYRULES / EZ YOURS / SHE'S THAT GIRL,0.25,17,NO,MEDIUM,SLOW,32.3%,51.1%,STRONG_EV,MISS,STRESS_TEST ARM2026 TAM R5 | SCORE=17 | CONF=MEDIUM | PACE=SLOW | GEM=NO,MISS,-0.25,-1.0,-1.0,-1.0,-3.0
2026-04-12,TAM,5,13,FILLYRULES,SUPERFECTA_BOX,FILLYRULES / EZ YOURS / SHE'S THAT GIRL / BLACK FLY,0.25,17,NO,MEDIUM,SLOW,32.3%,51.1%,STRONG_EV,MISS,STRESS_TEST ARM2026 TAM R5 | SCORE=17 | CONF=MEDIUM | PACE=SLOW | GEM=NO,MISS,-0.25,-1.0,-1.0,-1.0,-3.0
2026-04-12,TAM,6,8,IVEY MY LOVE,WIN,IVEY MY LOVE,0.5,16,NO,MEDIUM,SLOW,30.8%,54.0%,STRONG_EV,LOSS,STRESS_TEST ARM2026 TAM R6 | SCORE=16 | CONF=MEDIUM | PACE=SLOW | GEM=NO,LOSS,-0.5,-1.0,-1.0,-1.0,-3.0
2026-04-12,TAM,6,8,IVEY MY LOVE,PLACE,IVEY MY LOVE,0.5,16,NO,MEDIUM,SLOW,30.8%,54.0%,STRONG_EV,LOSS,STRESS_TEST ARM2026 TAM R6 | SCORE=16 | CONF=MEDIUM | PACE=SLOW | GEM=NO,LOSS,-0.5,-1.0,-1.0,-1.0,-3.0
2026-04-12,TAM,6,8,IVEY MY LOVE,SHOW,IVEY MY LOVE,0.5,16,NO,MEDIUM,SLOW,30.8%,54.0%,STRONG_EV,LOSS,STRESS_TEST ARM2026 TAM R6 | SCORE=16 | CONF=MEDIUM | PACE=SLOW | GEM=NO,LOSS,-0.5,-1.0,-1.0,-1.0,-3.0
2026-04-12,TAM,6,8,IVEY MY LOVE,EXACTA_BOX,IVEY MY LOVE / R SKYLINE,0.25,16,NO,MEDIUM,SLOW,30.8%,54.0%,STRONG_EV,MISS,STRESS_TEST ARM2026 TAM R6 | SCORE=16 | CONF=MEDIUM | PACE=SLOW | GEM=NO,MISS,-0.25,-1.0,-1.0,-1.0,-3.0
2026-04-12,TAM,6,8,IVEY MY LOVE,TRIFECTA_BOX,IVEY MY LOVE / R SKYLINE / MORE VINO ROSA,0.25,16,NO,MEDIUM,SLOW,30.8%,54.0%,STRONG_EV,MISS,STRESS_TEST ARM2026 TAM R6 | SCORE=16 | CONF=MEDIUM | PACE=SLOW | GEM=NO,MISS,-0.25,-1.0,-1.0,-1.0,-3.0
2026-04-12,TAM,6,8,IVEY MY LOVE,SUPERFECTA_BOX,IVEY MY LOVE / R SKYLINE / MORE VINO ROSA / D ORBIE'S GIRL,0.25,16,NO,MEDIUM,SLOW,30.8%,54.0%,STRONG_EV,MISS,STRESS_TEST ARM2026 TAM R6 | SCORE=16 | CONF=MEDIUM | PACE=SLOW | GEM=NO,MISS,-0.25,-1.0,-1.0,-1.0,-3.0
2026-04-12,TAM,8,9,THREE RUN BOLT,WIN,THREE RUN BOLT,0.5,16,NO,MEDIUM,SLOW,25.5%,44.2%,STRONG_EV,LOSS,STRESS_TEST ARM2026 TAM R8 | SCORE=16 | CONF=MEDIUM | PACE=SLOW | GEM=NO,LOSS,-0.5,-1.0,-1.0,-1.0,-3.0
2026-04-12,TAM,8,9,THREE RUN BOLT,PLACE,THREE RUN BOLT,0.5,16,NO,MEDIUM,SLOW,25.5%,44.2%,STRONG_EV,LOSS,STRESS_TEST ARM2026 TAM R8 | SCORE=16 | CONF=MEDIUM | PACE=SLOW | GEM=NO,LOSS,-0.5,-1.0,-1.0,-1.0,-3.0
2026-04-12,TAM,8,9,THREE RUN BOLT,SHOW,THREE RUN BOLT,0.5,16,NO,MEDIUM,SLOW,25.5%,44.2%,STRONG_EV,LOSS,STRESS_TEST ARM2026 TAM R8 | SCORE=16 | CONF=MEDIUM | PACE=SLOW | GEM=NO,LOSS,-0.5,-1.0,-1.0,-1.0,-3.0
2026-04-12,TAM,8,9,THREE RUN BOLT,EXACTA_BOX,THREE RUN BOLT / ARIANA VALENTINA,0.25,16,NO,MEDIUM,SLOW,25.5%,44.2%,STRONG_EV,MISS,STRESS_TEST ARM2026 TAM R8 | SCORE=16 | CONF=MEDIUM | PACE=SLOW | GEM=NO,MISS,-0.25,-1.0,-1.0,-1.0,-3.0
2026-04-12,TAM,8,9,THREE RUN BOLT,TRIFECTA_BOX,THREE RUN BOLT / ARIANA VALENTINA / TORTUGA ISLAND,0.25,16,NO,MEDIUM,SLOW,25.5%,44.2%,STRONG_EV,MISS,STRESS_TEST ARM2026 TAM R8 | SCORE=16 | CONF=MEDIUM | PACE=SLOW | GEM=NO,MISS,-0.25,-1.0,-1.0,-1.0,-3.0
2026-04-12,TAM,8,9,THREE RUN BOLT,SUPERFECTA_BOX,THREE RUN BOLT / ARIANA VALENTINA / TORTUGA ISLAND / C C GIRL,0.25,16,NO,MEDIUM,SLOW,25.5%,44.2%,STRONG_EV,MISS,STRESS_TEST ARM2026 TAM R8 | SCORE=16 | CONF=MEDIUM | PACE=SLOW | GEM=NO,MISS,-0.25,-1.0,-1.0,-1.0,-3.0
