jockey_name,track_code,wins,win_pct,starts,surface,source_page,year
Luis A. Valenzuela,ALB,24,25.0,96,,880,2025
Fausto Henrique Da Silva,ALB,17,23.3,73,,880,2025
Luis A. Fuentes,ALB,14,32.6,43,,880,2025
Enrique Portillo Gomez,ALB,12,14.6,82,,880,2025
Aldo Arboleda,ALB,10,16.4,61,,880,2025
Manuel Franco,AQU,65,22.8,285,,880,2025
Jose Lezcano,AQU,56,20.8,269,,880,2025
Kendrick Carmouche,AQU,46,22.9,201,,880,2025
Eric Cancel,AQU,30,16.1,186,,880,2025
Ruben Silvera,AQU,22,11.5,192,,880,2025
Kendrick Carmouche,AQU,21,28.8,73,,880,2025
Dylan Davis,AQU,20,26.7,75,,880,2025
Manuel Franco,AQU,19,22.4,85,,880,2025
Christopher Elliott,AQU,11,17.5,63,,880,2025
Javier Castellano,AQU,10,16.7,60,,880,2025
Flavien Prat,AQU,46,33.8,136,,880,2025
Manuel Franco,AQU,33,17.5,189,,880,2025
Kendrick Carmouche,AQU,25,16.9,148,,880,2025
Jose Lezcano,AQU,21,15.8,133,,880,2025
Jaime Rodriguez,AQU,20,13.5,148,,880,2025
Adrian B. Ramos,ARP,25,25.0,100,,880,2025
David Cardoso,ARP,23,19.5,118,,880,2025
Nathan Haar,ARP,22,17.9,123,,880,2025
Jose Angel Medina,ARP,21,16.8,125,,880,2025
Larren Delorme,ARP,21,18.6,113,,880,2025
Damario Bynoe,ASD,60,26.5,226,,881,2025
Antonio Whitehall,ASD,48,21.1,227,,881,2025
Sven Balroop,ASD,36,19.7,183,,881,2025
Prayven Badrie,ASD,29,29.9,97,,881,2025
Rachaad Knights,ASD,24,15.0,160,,881,2025
Jose Angel Medina,ATO,3,100.0,3,,881,2025
Nathan Haar,ATO,0,0.0,2,,881,2025
Chris Fackler,ATO,0,0.0,3,,881,2025
Ricardo Martinez,ATO,0,0.0,3,,881,2025
Scott A. Bethke,ATO,0,0.0,1,,881,2025
Flavien Prat,BAQ,28,31.1,90,,881,2025
Manuel Franco,BAQ,26,19.0,137,,881,2025
"Irad Ortiz, Jr.",BAQ,24,29.6,81,,881,2025
Jose Lezcano,BAQ,22,15.8,139,,881,2025
Kendrick Carmouche,BAQ,22,19.6,112,,881,2025
Manuel Franco,BAQ,40,22.7,176,,881,2025
"Ricardo Santana, Jr.",BAQ,33,15.1,219,,881,2025
Flavien Prat,BAQ,33,25.8,128,,881,2025
Kendrick Carmouche,BAQ,29,15.8,184,,881,2025
Dylan Davis,BAQ,26,14.8,176,,881,2025
Dakota Wood,BKF,6,42.9,14,,882,2025
Devon Ellis,BKF,2,18.2,11,,882,2025
Fernando Manuel Gamez,BKF,2,22.2,9,,882,2025
Jesus Virgen,BKF,1,20.0,5,,882,2025
Jose Antonio Figueroa,BKF,1,33.3,3,,882,2025
Albin Jimenez,BTP,82,30.9,265,,882,2025
Victor Lebron,BTP,57,24.9,229,,882,2025
Yarmarie L. Correa,BTP,54,19.1,283,,882,2025
John McKee,BTP,54,22.6,239,,882,2025
Oscar Villarreal,BTP,49,16.9,290,,882,2025
Eric Ayala,CAS,1,50.0,2,,882,2025
Angel Acevedo Armenta,CAS,1,100.0,1,,882,2025
Jesus Flores,CAS,0,0.0,2,,882,2025
Carmen Vasquez,CAS,0,0.0,1,,882,2025
Sheldon Meineke,CAS,0,0.0,1,,882,2025
Harry Hernandez,CBY,70,28.2,248,,882,2025
Alonso Quinonez,CBY,53,25.4,209,,882,2025
Eduardo Gallardo,CBY,33,16.2,204,,882,2025
Constantino Roman,CBY,32,17.4,184,,882,2025
Guillermo Rodriguez,CBY,25,11.1,225,,882,2025
Jose L. Ortiz,CD,63,25.7,245,,882,2025
Luis Saez,CD,47,18.9,249,,882,2025
"Brian Joseph Hernandez, Jr.",CD,39,17.3,225,,882,2025
Edgar Morales,CD,22,10.9,202,,882,2025
Luan Machado,CD,22,13.8,160,,882,2025
Tyler Gaffalione,CD,26,25.0,104,,883,2025
"Irad Ortiz, Jr.",CD,23,27.4,84,,883,2025
Jose L. Ortiz,CD,11,16.7,66,,883,2025
Luis Saez,CD,10,14.1,71,,883,2025
Edgar Morales,CD,7,8.8,80,,883,2025
"Irad Ortiz, Jr.",CD,46,26.0,177,,883,2025
Jose L. Ortiz,CD,37,22.0,168,,883,2025
Tyler Gaffalione,CD,28,16.9,166,,883,2025
Luis Saez,CD,28,16.3,172,,883,2025
Axel Concepcion,CD,11,10.9,101,,883,2025
Paco Lopez,CNL,6,46.2,13,,883,2025
Flavien Prat,CNL,5,45.5,11,,883,2025
"Irad Ortiz, Jr.",CNL,3,37.5,8,,883,2025
Weston Hamilton,CNL,2,18.2,11,,883,2025
Jevian Toledo,CNL,2,18.2,11,,883,2025
Brad H. Cox,CNL,3,75.0,4,,883,2025
Brittany T. Russell,CNL,2,25.0,8,,883,2025
Anthony Farrior,CNL,2,66.7,3,,883,2025
Steve Klesaris,CNL,2,66.7,3,,883,2025
Peter Eurton,CNL,1,20.0,5,,883,2025
Paco Lopez,CNL,40,23.5,170,,883,2025
Ben Curtis,CNL,33,20.8,159,,883,2025
Mychel J. Sanchez,CNL,28,15.1,186,,883,2025
Sheldon Russell,CNL,24,22.0,109,,883,2025
Jorge Ruiz,CNL,22,16.4,134,,883,2025
Dakota Wood,CPW,15,45.5,33,,884,2025
Nathan Haar,CPW,6,20.0,30,,884,2025
Connie McKenzie,CPW,5,20.8,24,,884,2025
Larren Delorme,CPW,3,16.7,18,,884,2025
Ricardo Martinez,CPW,3,17.6,17,,884,2025
Arnaldo Bocachica,CT,197,32.9,598,,884,2025
Marshall Mendez,CT,71,16.9,419,,884,2025
J. D. Acosta,CT,65,12.4,526,,884,2025
Denis Vicente Araujo,CT,59,14.7,401,,884,2025
Victor Rodriguez,CT,52,12.4,419,,884,2025
Jose Mariano Asencio,CTD,17,28.3,60,,884,2025
Brian Boodramsingh,CTD,16,27.1,59,,884,2025
Rasheed Hughes,CTD,14,19.2,73,,884,2025
Keihton Natera,CTD,9,14.1,64,,884,2025
N’Rico Prescod,CTD,9,14.8,61,,884,2025
Dane Nelson,CTM,40,21.6,185,,884,2025
Rasheed Hughes,CTM,30,15.7,191,,884,2025
Keihton Natera,CTM,30,17.0,176,,884,2025
Jose Mariano Asencio,CTM,24,17.3,139,,884,2025
Brian Boodramsingh,CTM,24,20.7,116,,884,2025
Timothy Thornton,DED,85,24.1,352,,884,2025
Vicente Del-Cid,DED,69,24.0,287,,884,2025
Elio J. Barrera,DED,55,14.7,373,,884,2025
Joel Dominguez,DED,46,13.1,351,,884,2025
Jose Luis Rodriguez,DED,34,13.3,256,,884,2025
Jaime Rodriguez,DEL,75,23.7,317,,885,2025
Julio A. Hernandez,DEL,68,22.4,303,,885,2025
Martin Chuan,DEL,66,24.5,269,,885,2025
Kevin Gomez,DEL,30,12.3,243,,885,2025
Angel Cruz,DEL,27,19.3,140,,885,2025
Juan J. Hernandez,DMR,45,26.6,169,,885,2025
Antonio Fresu,DMR,37,17.5,212,,885,2025
Hector Isaac Berrios,DMR,26,18.8,138,,885,2025
Kazushi Kimura,DMR,23,10.8,212,,885,2025
Umberto Rispoli,DMR,23,18.1,127,,885,2025
Umberto Rispoli,DMR,17,22.1,77,,885,2025
Antonio Fresu,DMR,14,16.3,86,,885,2025
Mirco Demuro,DMR,12,24.5,49,,885,2025
Hector Isaac Berrios,DMR,11,18.3,60,,885,2025
Armando Ayuso,DMR,11,15.5,71,,885,2025
Luis A. Valenzuela,EDR,19,33.3,57,,885,2025
Daniel Aguilar,EDR,11,22.9,48,,885,2025
Jimmy Ray Coates,EDR,6,15.8,38,,885,2025
Nakia Teeter,EDR,6,19.4,31,,885,2025
Keivan Serrano,EDR,3,8.1,37,,885,2025
Blake Nunnally,ELK,9,50.0,18,,886,2025
Jayden R. Ironeyes,ELK,4,20.0,20,,886,2025
Jose Elias Rodriguez,ELK,3,20.0,15,,886,2025
Jose Antonio Figueroa,ELK,2,16.7,12,,886,2025
Oscar Cervantes,ELK,1,6.2,16,,886,2025
Tyler Gaffalione,ELP,28,28.3,99,,886,2025
Jaime A. Torres,ELP,22,15.8,139,,886,2025
"Brian Joseph Hernandez, Jr.",ELP,20,18.9,106,,886,2025
Axel Concepcion,ELP,15,21.1,71,,886,2025
Cristian A. Torres,ELP,13,16.2,80,,886,2025
Jayden R. Ironeyes,ELY,4,28.6,14,,886,2025
Jose Antonio Figueroa,ELY,4,28.6,14,,886,2025
Daniel Aguilar,ELY,4,28.6,14,,886,2025
Fernando Manuel Gamez,ELY,3,25.0,12,,886,2025
Oscar Cervantes,ELY,1,11.1,9,,886,2025
Kevin Krigger,EMD,70,23.0,304,,886,2025
Manuel Americano,EMD,64,17.9,357,,886,2025
Alex M. Cruz,EMD,38,11.9,318,,886,2025
Silvio Ruiz Amador,EMD,35,15.2,231,,886,2025
Kevin E. Orozco,EMD,28,12.4,225,,886,2025
Timothy Thornton,EVD,96,24.9,385,,886,2025
Jansen Melancon,EVD,59,18.8,313,,886,2025
Joel Dominguez,EVD,57,16.9,338,,886,2025
C.J. McMahon,EVD,46,22.2,207,,886,2025
Colby J. Hernandez,EVD,41,18.1,227,,886,2025
Nathan Haar,FAR,15,53.6,28,,887,2025
Dakota Wood,FAR,7,26.9,26,,887,2025
Ricardo Martinez,FAR,5,14.7,34,,887,2025
Bryan McNeil,FAR,4,19.0,21,,887,2025
Connie McKenzie,FAR,4,19.0,21,,887,2025
Christopher Husbands,FE,41,19.8,207,,887,2025
Juan Crawford,FE,31,19.3,161,,887,2025
Edgar Zenteno,FE,27,17.8,152,,887,2025
Leo Salles,FE,23,19.2,120,,887,2025
Kirk Johnson,FE,21,12.8,164,,887,2025
Jose L. Ortiz,FG,97,28.5,340,,887,2025
Jareth Loveberry,FG,55,14.3,384,,887,2025
Ben Curtis,FG,49,17.5,280,,887,2025
Mitchell Murrill,FG,41,11.7,349,,887,2025
"Marcelino Pedroza, Jr.",FG,38,11.8,321,,887,2025
Andre Shivnarine Worrie,FL,100,20.4,490,,887,2025
Luis E. Perez,FL,67,18.7,359,,887,2025
Keiber J. Coa,FL,64,16.8,382,,887,2025
Joel Cruz,FL,61,15.0,407,,887,2025
Kevin Navarro,FL,59,18.9,312,,887,2025
Travis Cunningham,FMT,20,27.0,74,,888,2025
Curtis Kimes,FMT,18,23.7,76,,888,2025
Roman Cruz,FMT,13,23.2,56,,888,2025
Obed Sanchez,FMT,12,16.9,71,,888,2025
Cassidy D. B. Fletcher,FMT,6,19.4,31,,888,2025
Kevin Roman,FON,63,26.8,235,,888,2025
Jose Angel Medina,FON,46,21.3,216,,888,2025
David Cardoso,FON,35,23.5,149,,888,2025
Ronald Hisby,FON,19,11.0,172,,888,2025
Victor Jadhir Bailon,FON,18,12.1,149,,888,2025
Ademar Santos,FP,76,25.2,301,,888,2025
Alexander Bendezu,FP,56,23.0,243,,888,2025
Julio E. Felix,FP,52,22.5,231,,888,2025
Travis Wales,FP,42,20.5,205,,888,2025
Reynier Arrieta,FP,29,12.7,228,,888,2025
Kody Kellenberger,GF,13,46.4,28,,888,2025
Jarred Journet,GF,13,46.4,28,,888,2025
Corrine Andros,GF,7,25.9,27,,888,2025
Jossiah Bad Bear,GF,3,15.8,19,,888,2025
Fernando Manuel Gamez,GF,2,8.0,25,,888,2025
Eliazar T. Vera,GIL,5,35.7,14,,888,2025
"Victor Manuel Urieta, Jr.",GIL,4,25.0,16,,888,2025
Luis L. Vivanco,GIL,3,21.4,14,,888,2025
Adrian X. Morales,GIL,2,13.3,15,,888,2025
Paulina Ramirez,GIL,1,6.7,15,,888,2025
"Irad Ortiz, Jr.",GPX,109,24.2,450,,889,2025
Tyler Gaffalione,GPX,74,18.6,397,,889,2025
Luis Saez,GPX,70,16.6,422,,889,2025
Edgard J. Zayas,GPX,68,14.8,461,,889,2025
Junior Alvarado,GPX,41,16.9,243,,889,2025
Edgard J. Zayas,GPX,93,20.8,447,,889,2025
Emisael Jaramillo,GPX,74,21.3,348,,889,2025
Edwin Gonzalez,GPX,69,19.0,363,,889,2025
Miguel Angel Vasquez,GPX,69,15.4,447,,889,2025
Jose E. Morelos,GPX,66,15.2,435,,889,2025
Edgard J. Zayas,GPX,44,20.0,220,,889,2025
Miguel Angel Vasquez,GPX,42,19.6,214,,889,2025
Emisael Jaramillo,GPX,38,24.5,155,,889,2025
Leonel Reyes,GPX,22,15.7,140,,889,2025
Micah J. Husbands,GPX,22,26.5,83,,889,2025
Larris Allen,GPR,21,30.0,70,,889,2025
Trevor Simpson,GPR,15,26.8,56,,889,2025
Andrew Poon,GPR,14,32.6,43,,889,2025
Jose O. Rocha,GPR,8,12.9,62,,889,2025
Scott Williams,GPR,8,42.1,19,,889,2025
Jake Samuels,GRP,6,33.3,18,,890,2025
Jaime E. Lopez,GRP,6,23.1,26,,890,2025
Jose Elias Rodriguez,GRP,5,15.2,33,,890,2025
Hugo Herrera,GRP,4,25.0,16,,890,2025
Taylor E. Smith,GRP,4,20.0,20,,890,2025
Adrian Castellanos,GRP,13,32.5,40,,890,2025
Manuel Americano,GRP,12,25.5,47,,890,2025
Kiaman McGregor,GRP,10,21.3,47,,890,2025
Jake Samuels,GRP,10,17.9,56,,890,2025
Blake Nunnally,GRP,7,15.9,44,,890,2025
Orlando Mojica,HAW,63,22.5,280,,890,2025
Santiago Gonzalez,HAW,55,17.4,317,,890,2025
Jareth Loveberry,HAW,44,19.4,227,,890,2025
Alexander Bendezu,HAW,41,16.7,245,,890,2025
Israel Hernandez,HAW,38,16.1,236,,890,2025
Jose Angel Medina,HCN,23,32.4,71,,890,2025
Belen Quinonez,HCN,18,27.7,65,,890,2025
Chris Fackler,HCN,10,16.1,62,,890,2025
Victor Jadhir Bailon,HCN,9,17.3,52,,890,2025
Travis Cunningham,HCN,8,11.8,68,,890,2025
Stewart Elliott,HOU,56,25.1,223,,890,2025
Deshawn L. Parker,HOU,36,22.1,163,,890,2025
David Cabrera,HOU,28,14.1,198,,890,2025
Iram Vargas Diego,HOU,25,14.4,174,,890,2025
Jose L. Alvarez,HOU,25,24.8,101,,890,2025
Jose Angel Medina,HPO,6,31.6,19,,891,2025
Belen Quinonez,HPO,4,30.8,13,,891,2025
Scott A. Bethke,HPO,3,42.9,7,,891,2025
Travis Cunningham,HPO,2,11.8,17,,891,2025
Blake Nunnally,HPO,2,25.0,8,,891,2025
Amadeo Perez,HST,49,28.8,170,,891,2025
Kimal Santo,HST,42,22.7,185,,891,2025
Kerron Khelawan,HST,31,22.5,138,,891,2025
Richard Balgobin,HST,28,16.3,172,,891,2025
Christopher Roy Mamdeen,HST,25,17.9,140,,891,2025
Fernando De La Cruz,IND,121,19.8,610,,891,2025
Joseph D. Ramos,IND,102,18.8,544,,891,2025
"Marcelino Pedroza, Jr.",IND,76,14.0,542,,891,2025
Alberto Burgos,IND,62,13.3,467,,891,2025
Mitchell Murrill,IND,56,15.1,371,,891,2025
Lanfranco Dettori,KD,9,20.5,44,,891,2025
"Irad Ortiz, Jr.",KD,8,17.8,45,,891,2025
Jose L. Ortiz,KD,7,10.6,66,,891,2025
Flavien Prat,KD,7,25.0,28,,891,2025
Tyler Gaffalione,KD,6,10.0,60,,891,2025
Flavien Prat,KEE,20,22.5,89,,892,2025
Jose L. Ortiz,KEE,18,17.5,103,,892,2025
Luis Saez,KEE,18,22.8,79,,892,2025
"Irad Ortiz, Jr.",KEE,16,17.0,94,,892,2025
"Brian Joseph Hernandez, Jr.",KEE,7,12.5,56,,892,2025
"Irad Ortiz, Jr.",KEE,25,19.5,128,,892,2025
Tyler Gaffalione,KEE,17,13.3,128,,892,2025
Jose L. Ortiz,KEE,16,12.5,128,,892,2025
Luis Saez,KEE,15,12.6,119,,892,2025
John R. Velazquez,KEE,13,22.8,57,,892,2025
Edgar Payeras,LA,37,30.3,122,,892,2025
Ricardo S. Ramirez,LA,17,17.9,95,,892,2025
Salvador R. Vargas,LA,16,29.1,55,,892,2025
Francisco J. Ramirez,LA,13,16.5,79,,892,2025
Adrian Escobedo,LA,11,19.3,57,,892,2025
Joel Dominguez,LAD,65,23.1,281,,892,2025
Emanuel Nieves,LAD,60,20.1,298,,892,2025
Alexander Castillo,LAD,51,16.7,305,,892,2025
Alexis X. Batista,LAD,30,12.2,246,,892,2025
Sergio Munoz,LAD,27,14.8,183,,892,2025
Larris Allen,LBG,7,30.4,23,,892,2025
Orlando Foster,LBG,5,27.8,18,,892,2025
Trevor Simpson,LBG,5,31.2,16,,892,2025
Garfield Gordon,LBG,5,27.8,18,,892,2025
Jose O. Rocha,LBG,3,12.0,25,,892,2025
Larris Allen,LBG,12,30.0,40,,893,2025
Trevor Simpson,LBG,11,26.8,41,,893,2025
Andre Powell,LBG,7,17.5,40,,893,2025
Andrew Poon,LBG,7,53.8,13,,893,2025
Jose O. Rocha,LBG,6,15.4,39,,893,2025
Belen Quinonez,LEG,19,24.4,78,,893,2025
Travis Cunningham,LEG,16,21.3,75,,893,2025
Jose Angel Medina,LEG,15,19.2,78,,893,2025
Blake Nunnally,LEG,14,19.7,71,,893,2025
Victor Jadhir Bailon,LEG,11,18.0,61,,893,2025
Kazushi Kimura,LRC,10,29.4,34,,893,2025
Diego A. Herrera,LRC,9,29.0,31,,893,2025
Tiago Josue Pereira,LRC,6,23.1,26,,893,2025
Kyle Frey,LRC,6,16.2,37,,893,2025
Armando Ayuso,LRC,5,14.3,35,,893,2025
Edgar Payeras,LRC,6,23.1,26,,893,2025
Kyle Frey,LRC,6,21.4,28,,893,2025
Kazushi Kimura,LRC,6,18.8,32,,893,2025
Antonio Fresu,LRC,5,29.4,17,,893,2025
Ricardo S. Ramirez,LRC,4,36.4,11,,893,2025
Armando Ayuso,LRC,6,18.2,33,,894,2025
Kazushi Kimura,LRC,6,21.4,28,,894,2025
Juan J. Hernandez,LRC,6,46.2,13,,894,2025
Tiago Josue Pereira,LRC,4,20.0,20,,894,2025
Edgar Payeras,LRC,4,21.1,19,,894,2025
Jaime Rodriguez,LRL,38,23.6,161,,894,2025
J.G. Torrealba,LRL,22,15.8,139,,894,2025
Sheldon Russell,LRL,19,32.2,59,,894,2025
Raul E. Mena,LRL,16,26.2,61,,894,2025
Jevian Toledo,LRL,14,13.7,102,,894,2025
Jaime Rodriguez,LRL,14,17.5,80,,894,2025
Sheldon Russell,LRL,11,33.3,33,,894,2025
Mychel J. Sanchez,LRL,11,23.9,46,,894,2025
Yedsit Hazlewood,LRL,10,15.4,65,,894,2025
Jevian Toledo,LRL,10,16.1,62,,894,2025
Jevian Toledo,LRL,14,18.4,76,,894,2025
Jaime Rodriguez,LRL,14,19.7,71,,894,2025
Ismerio Villalobos,LRL,14,22.2,63,,894,2025
Sheldon Russell,LRL,14,28.0,50,,894,2025
Mychel J. Sanchez,LRL,13,21.7,60,,894,2025
Yedsit Hazlewood,LRL,74,24.8,298,,894,2025
Jevian Toledo,LRL,35,14.8,237,,894,2025
Jorge Ruiz,LRL,33,23.4,141,,894,2025
Sheldon Russell,LRL,33,27.3,121,,894,2025
J.G. Torrealba,LRL,30,16.0,187,,894,2025
Ramon A. Vazquez,LS,55,26.6,207,,895,2025
David Cabrera,LS,36,16.1,223,,895,2025
Floyd Wethey Jr.,LS,33,15.9,208,,895,2025
Stewart Elliott,LS,32,13.6,235,,895,2025
Iram Vargas Diego,LS,31,15.8,196,,895,2025
Dakota Wood,MC,10,41.7,24,,895,2025
Richard Birdrattler,MC,9,39.1,23,,895,2025
Brian Beetem,MC,5,21.7,23,,895,2025
Larren Delorme,MC,1,10.0,10,,895,2025
Connie McKenzie,MC,1,8.3,12,,895,2025
Samuel Marin,MED,6,24.0,25,,895,2025
Fernando Jara,MED,5,15.6,32,,895,2025
Christopher Elliott,MED,4,21.1,19,,895,2025
Samy Camacho,MED,4,36.4,11,,895,2025
Katie Davis,MED,4,57.1,7,,895,2025
Trevor Simpson,MIL,1,25.0,4,,895,2025
Richard Lunan,MIL,1,50.0,2,,895,2025
Keishan Balgobin,MIL,1,50.0,2,,895,2025
Laurina Bugeaud,MIL,1,100.0,1,,895,2025
Richard Birdrattler,MIL,0,0.0,2,,895,2025
Luis Negron,MNR,97,20.0,485,,896,2025
Brandon Whitacre,MNR,76,22.2,342,,896,2025
Kevin Gonzalez,MNR,64,12.2,524,,896,2025
Ricardo Barrios,MNR,48,11.7,411,,896,2025
Erik Barbaran,MNR,47,20.2,233,,896,2025
Paco Lopez,MTH,86,32.6,264,,896,2025
Samuel Marin,MTH,66,19.7,335,,896,2025
Samy Camacho,MTH,47,18.2,258,,896,2025
Sonny Leon,MTH,43,15.5,278,,896,2025
"Jorge A. Vargas, Jr.",MTH,23,16.8,137,,896,2025
Erik Barbaran,MVR,70,26.7,262,,896,2025
Angel I. Diaz,MVR,48,21.4,224,,896,2025
Jose A. Bracho,MVR,34,21.4,159,,896,2025
Luis Alberto Batista,MVR,30,17.6,170,,896,2025
Fernando Salazar Becerra,MVR,29,20.1,144,,896,2025
Erik Barbaran,MVR,41,25.8,159,,896,2025
Luis Raul Rivera,MVR,33,23.2,142,,896,2025
Jose A. Bracho,MVR,26,17.1,152,,896,2025
Luis Alberto Batista,MVR,20,16.1,124,,896,2025
Fernando Salazar Becerra,MVR,19,12.5,152,,896,2025
Jose Antonio Figueroa,ONE,2,100.0,2,,896,2025
Angel Acevedo Armenta,ONE,1,50.0,2,,896,2025
Jesus Flores,ONE,0,0.0,3,,896,2025
Oscar Cervantes,ONE,0,0.0,1,,896,2025
Eric Ayala,ONE,0,0.0,2,,896,2025
Francisco Arrieta,OP,65,17.7,367,,897,2025
Cristian A. Torres,OP,62,14.6,425,,897,2025
Rafael Bejarano,OP,54,18.7,289,,897,2025
Tyler W. Bacon,OP,49,12.9,379,,897,2025
Ramon A. Vazquez,OP,40,11.0,364,,897,2025
Angel R. Rodriguez,PEN,114,26.5,431,,897,2025
David Cora,PEN,85,18.7,454,,897,2025
Jomar Torres,PEN,72,17.9,403,,897,2025
Julio A. Hernandez,PEN,54,23.7,228,,897,2025
Yabriel O. Ramos,PEN,50,13.1,383,,897,2025
Antonio A. Gallardo,PID,85,21.8,390,,897,2025
Pablo Morales,PID,84,24.6,341,,897,2025
Gaddiel A. Martinez,PID,66,17.7,373,,897,2025
Israel O. Rodriguez,PID,57,18.6,307,,897,2025
Martina Rojas,PID,38,15.0,254,,897,2025
Flavien Prat,PIM,5,22.7,22,,897,2025
"Irad Ortiz, Jr.",PIM,4,25.0,16,,897,2025
Jaime Rodriguez,PIM,4,17.4,23,,897,2025
Yedsit Hazlewood,PIM,4,16.7,24,,897,2025
Paco Lopez,PIM,3,16.7,18,,897,2025
Eric Ayala,POD,1,100.0,1,,898,2025
Carlos Castruita,POD,0,0.0,1,,898,2025
Oscar Villa,POD,0,0.0,1,,898,2025
Luis A. Collazo,POD,0,0.0,1,,898,2025
Tyler W. Bacon,PRM,97,24.0,404,,898,2025
Elvin Gonzalez,PRM,88,22.9,385,,898,2025
Ken S. Tohill,PRM,59,16.6,355,,898,2025
Kevin Roman,PRM,58,15.0,386,,898,2025
Walter De La Cruz,PRM,57,19.2,297,,898,2025
Jose Elias Rodriguez,PRV,8,50.0,16,,898,2025
Vladimir P. Jensen,PRV,3,27.3,11,,898,2025
Kiaman McGregor,PRV,3,42.9,7,,898,2025
Jose Antonio Figueroa,PRV,3,20.0,15,,898,2025
Taylor E. Smith,PRV,2,12.5,16,,898,2025
Mychel J. Sanchez,PRX,204,28.5,716,,898,2025
Paco Lopez,PRX,89,23.7,376,,898,2025
Dexter Haddock,PRX,74,12.4,596,,898,2025
Abner Adorno,PRX,71,14.9,476,,898,2025
Andy Hernandez,PRX,68,19.5,349,,898,2025
Ramon A. Vazquez,RP,75,27.9,269,,898,2025
David Cabrera,RP,55,17.2,319,,898,2025
Erik Asmussen,RP,49,26.8,183,,898,2025
Floyd Wethey Jr.,RP,46,16.0,287,,898,2025
Stewart Elliott,RP,43,14.9,289,,898,2025
Juan J. Hernandez,SA,53,22.8,232,,899,2025
Flavien Prat,SA,43,30.1,143,,899,2025
Umberto Rispoli,SA,37,19.8,187,,899,2025
Hector Isaac Berrios,SA,37,22.6,164,,899,2025
Antonio Fresu,SA,29,14.0,207,,899,2025
Antonio Fresu,SA,35,23.0,152,,899,2025
Juan J. Hernandez,SA,30,24.4,123,,899,2025
Umberto Rispoli,SA,26,32.1,81,,899,2025
Hector Isaac Berrios,SA,25,21.2,118,,899,2025
Armando Ayuso,SA,24,16.9,142,,899,2025
Juan J. Hernandez,SA,28,30.4,92,,899,2025
Umberto Rispoli,SA,19,24.1,79,,899,2025
Kazushi Kimura,SA,13,12.5,104,,899,2025
Hector Isaac Berrios,SA,13,17.3,75,,899,2025
Antonio Fresu,SA,12,16.7,72,,899,2025
John R. Velazquez,SAR,9,31.0,29,,899,2025
Flavien Prat,SAR,8,24.2,33,,899,2025
Dylan Davis,SAR,8,24.2,33,,899,2025
Junior Alvarado,SAR,5,20.8,24,,899,2025
"Irad Ortiz, Jr.",SAR,5,10.6,47,,899,2025
Flavien Prat,SAR,7,24.1,29,,900,2025
Jose L. Ortiz,SAR,7,29.2,24,,900,2025
"Irad Ortiz, Jr.",SAR,5,16.1,31,,900,2025
Dylan Davis,SAR,3,11.1,27,,900,2025
Manuel Franco,SAR,3,10.7,28,,900,2025
"Irad Ortiz, Jr.",SAR,59,20.6,286,,900,2025
Jose L. Ortiz,SAR,55,22.6,243,,900,2025
Flavien Prat,SAR,42,18.3,230,,900,2025
"Ricardo Santana, Jr.",SAR,38,14.8,256,,900,2025
Kendrick Carmouche,SAR,29,15.0,193,,900,2025
Miguel A. Perez,SRP,16,25.4,63,,900,2025
Enrique Portillo Gomez,SRP,12,15.2,79,,900,2025
Irwin J. Rosendo,SRP,12,15.6,77,,900,2025
Francisco Amparan,SRP,11,16.4,67,,900,2025
Alejandro Medellin,SRP,8,14.3,56,,900,2025
"Alfredo J. Juarez, Jr.",SUN,48,25.9,185,,900,2025
Christian Ramos,SUN,29,20.3,143,,900,2025
Francisco Amparan,SUN,23,13.6,169,,900,2025
Luis Negron,SUN,22,14.1,156,,900,2025
Alejandro Medellin,SUN,20,15.3,131,,900,2025
Scott A. Bethke,SWF,9,18.0,50,,900,2025
Jimmy Ray Coates,SWF,9,22.0,41,,900,2025
Minor Arana,SWF,8,20.0,40,,900,2025
Ricardo Martinez,SWF,5,13.9,36,,900,2025
Daniel Carrillo,SWF,4,9.5,42,,900,2025
Samuel Marin,TAM,116,20.8,558,,901,2025
Samy Camacho,TAM,105,22.5,467,,901,2025
Jose C. Ferrer,TAM,48,16.3,295,,901,2025
Antonio A. Gallardo,TAM,43,16.0,269,,901,2025
Sonny Leon,TAM,41,11.2,365,,901,2025
Alexander Chavez,TDN,85,22.1,384,,901,2025
Erik Barbaran,TDN,71,21.8,325,,901,2025
Fernando Salazar Becerra,TDN,64,17.5,366,,901,2025
Luis Raul Rivera,TDN,63,16.7,378,,901,2025
Jose A. Bracho,TDN,60,19.4,310,,901,2025
Jake Samuels,TIL,7,38.9,18,,901,2025
Talliyah Timentwa,TIL,3,30.0,10,,901,2025
Taylor E. Smith,TIL,3,30.0,10,,901,2025
Jose Elias Rodriguez,TIL,3,30.0,10,,901,2025
Vladimir P. Jensen,TIL,2,16.7,12,,901,2025
Yedsit Hazlewood,TIM,13,39.4,33,,901,2025
Carlos Eduardo Lopez,TIM,8,20.5,39,,901,2025
Arnaldo Bocachica,TIM,8,38.1,21,,901,2025
Jorge F. Hernandez,TIM,6,50.0,12,,901,2025
Angel Cruz,TIM,4,16.0,25,,901,2025
Luan Machado,TP,51,18.4,277,,902,2025
Irving Moncada,TP,42,17.1,246,,902,2025
Joseph D. Ramos,TP,40,19.1,209,,902,2025
Adam Beschizza,TP,26,16.5,158,,902,2025
Gerardo Corrales,TP,25,13.2,189,,902,2025
Walter A. Rodriguez,TP,26,29.5,88,,902,2025
Luan Machado,TP,13,13.8,94,,902,2025
Adam Beschizza,TP,10,14.1,71,,902,2025
Joseph D. Ramos,TP,8,9.0,89,,902,2025
Gabriel Saez,TP,7,12.5,56,,902,2025
Manuel Americano,TUP,83,15.9,521,,902,2025
Karlo Lopez,TUP,64,16.2,396,,902,2025
Guillermo Rodriguez,TUP,63,16.4,384,,902,2025
Alex M. Cruz,TUP,59,12.7,463,,902,2025
Orlando Mojica,TUP,56,18.6,301,,902,2025
Jose Antonio Figueroa,UN,4,66.7,6,,902,2025
Jose Elias Rodriguez,UN,3,100.0,3,,902,2025
Jaime E. Lopez,UN,1,12.5,8,,902,2025
Taylor E. Smith,UN,0,0.0,4,,902,2025
Vladimir P. Jensen,UN,0,0.0,5,,902,2025
Rafael Manuel Hernandez,WO,148,23.5,630,,902,2025
Pietro Moran,WO,139,16.7,833,,902,2025
Fraser Aebly,WO,94,14.9,630,,902,2025
Sahin Civaci,WO,90,20.7,435,,902,2025
Ryan Munger,WO,77,14.4,535,,902,2025
"Alfredo Triana, Jr.",WRD,26,15.9,164,,903,2025
Richard E. Eramia,WRD,21,17.8,118,,903,2025
Elvin Gonzalez,WRD,21,19.8,106,,903,2025
Leandro D. Goncalves,WRD,18,18.8,96,,903,2025
Alex Birzer,WRD,18,16.2,111,,903,2025
Luis A. Valenzuela,WYO,20,27.8,72,,903,2025
Keivan Serrano,WYO,10,14.9,67,,903,2025
Jimmy Ray Coates,WYO,10,14.9,67,,903,2025
Adrian B. Ramos,WYO,9,13.8,65,,903,2025
David Cardoso,WYO,9,18.4,49,,903,2025
"Alfredo J. Juarez, Jr.",ZIA,20,27.4,73,,903,2025
Luis A. Valenzuela,ZIA,12,16.9,71,,903,2025
Miguel A. Perez,ZIA,10,24.4,41,,903,2025
Francisco Amparan,ZIA,10,19.2,52,,903,2025
Ramon A. Vazquez,ZIA,9,36.0,25,,903,2025
Luis A. Valenzuela,ALB,24,25.0,96,,930,2025
Luis A. Fuentes,ALB,14,32.6,43,,930,2025
Fausto Henrique Da Silva,ALB,16,21.9,73,,930,2025
"Alfredo J. Juarez, Jr.",ALB,7,26.9,26,,930,2025
Aldo Arboleda,ALB,10,16.4,61,,930,2025
Manuel Franco,AQU,65,22.8,285,,931,2025
Jose Lezcano,AQU,56,20.8,269,,931,2025
Kendrick Carmouche,AQU,46,22.9,201,,931,2025
Eric Cancel,AQU,30,16.1,186,,931,2025
Ruben Silvera,AQU,22,11.5,192,,931,2025
Dylan Davis,AQU,20,26.7,75,,931,2025
Manuel Franco,AQU,19,22.4,85,,931,2025
Kendrick Carmouche,AQU,21,28.8,73,,931,2025
Javier Castellano,AQU,10,16.7,60,,931,2025
Christopher Elliott,AQU,11,17.5,63,,931,2025
Flavien Prat,AQU,45,33.1,136,,932,2025
Manuel Franco,AQU,33,17.5,189,,932,2025
Kendrick Carmouche,AQU,25,16.9,148,,932,2025
Jaime Rodriguez,AQU,20,13.5,148,,932,2025
Jose Lezcano,AQU,22,16.5,133,,932,2025
Flavien Prat,BAQ,28,31.1,90,,932,2025
"Irad Ortiz, Jr.",BAQ,24,29.6,81,,932,2025
Jose Lezcano,BAQ,22,15.8,139,,932,2025
Manuel Franco,BAQ,26,19.0,137,,932,2025
"Ricardo Santana, Jr.",BAQ,19,13.8,138,,932,2025
Manuel Franco,BAQ,39,22.2,176,,932,2025
"Ricardo Santana, Jr.",BAQ,33,15.1,219,,932,2025
Flavien Prat,BAQ,33,25.8,128,,932,2025
Dylan Davis,BAQ,26,14.8,176,,932,2025
Kendrick Carmouche,BAQ,29,15.8,184,,932,2025
Nathan Haar,ARP,22,17.9,123,,934,2025
Jose Angel Medina,ARP,21,16.8,125,,934,2025
Adrian B. Ramos,ARP,25,25.0,100,,934,2025
David Cardoso,ARP,23,19.5,118,,934,2025
Larren Delorme,ARP,21,18.6,113,,934,2025
Antonio Whitehall,ASD,48,21.1,227,,935,2025
Damario Bynoe,ASD,60,26.5,226,,935,2025
Sven Balroop,ASD,36,19.7,183,,935,2025
Prayven Badrie,ASD,29,29.9,97,,935,2025
Ronald Ali,ASD,23,17.7,130,,935,2025
Albin Jimenez,BTP,82,30.9,265,,936,2025
John McKee,BTP,54,22.6,239,,936,2025
Yarmarie L. Correa,BTP,54,19.1,283,,936,2025
Victor Lebron,BTP,57,24.9,229,,936,2025
Perry Wayne Ouzts,BTP,40,18.8,213,,936,2025
Harry Hernandez,CBY,70,28.2,248,,938,2025
Alonso Quinonez,CBY,53,25.4,209,,938,2025
Eduardo Gallardo,CBY,33,16.2,204,,938,2025
Constantino Roman,CBY,32,17.4,184,,938,2025
Guillermo Rodriguez,CBY,25,11.1,225,,938,2025
Rasheed Hughes,CTD,14,19.2,73,,939,2025
Jose Mariano Asencio,CTD,17,28.3,60,,939,2025
Brian Boodramsingh,CTD,16,27.1,59,,939,2025
Keihton Natera,CTD,9,14.1,64,,939,2025
Enrique Alonzo Gonzalez,CTD,5,11.4,44,,939,2025
"Achard, Alex",ALL,40,11.0,364,,2078,2025
"Badrie, Prayven",ALL,29,29.9,97,,2078,2025
"Acosta, J. D.",ALL,69,11.9,582,,2078,2025
"Baez, Jan M.",ALL,1,2.9,35,,2078,2025
"Adams, Austin",ALL,41,9.4,434,,2078,2025
"Baez, Jose",ALL,10,10.3,97,,2078,2025
"Adams, James L.",ALL,0,0.0,43,,2078,2025
"Bailey, Chel-c",ALL,6,10.2,59,,2078,2025
"Adorno, Abner",ALL,79,13.6,579,,2078,2025
"Bailey, Laird O.",ALL,1,3.4,29,,2078,2025
"Aebly, Fraser",ALL,94,14.8,633,,2078,2025
"Bailon, Victor Jadhir",ALL,46,14.2,323,,2078,2025
"Aguilar, Armando",ALL,36,9.5,378,,2078,2025
"Baird, E. T.",ALL,0,0.0,2,,2078,2025
"Aguilar, Claudio Ponce",ALL,0,0.0,1,,2078,2025
"Baker, Christopher John",ALL,0,0.0,5,,2078,2025
"Aguilar, Daniel",ALL,23,13.4,172,,2078,2025
"Balgobin, Keishan",ALL,1,25.0,4,,2078,2025
"Aguilar, Jacobo Adan",ALL,0,0.0,1,,2078,2025
"Balgobin, Richard",ALL,31,16.4,189,,2078,2025
"Aguilar, Jean",ALL,47,10.6,442,,2078,2025
"Balgobin, Ridge",ALL,4,7.7,52,,2078,2025
"Aguilar, Manuel",ALL,10,8.1,123,,2078,2025
"Balroop, Sven",ALL,36,19.7,183,,2078,2025
"Albert, Treylon S",ALL,6,2.6,232,,2078,2025
"Balthazar, Jared",ALL,0,0.0,11,,2078,2025
"Albornoz, Joel I.",ALL,2,5.3,38,,2078,2025
"Banda, Carlos F",ALL,0,0.0,29,,2078,2025
"Alcala, Jose Rosario",ALL,3,9.1,33,,2078,2025
"Barajas, Alfredo",ALL,7,26.9,26,,2078,2025
"Alderson, Jeffrey Ian",ALL,28,11.8,237,,2078,2025
"Barandela, Sofia",ALL,3,6.5,46,,2078,2025
"Alencar, Walber",ALL,11,12.4,89,,2078,2025
"Barbaran, Erik",ALL,229,23.2,988,,2078,2025
"Ali, Ronald",ALL,23,17.7,130,,2078,2025
"Barbosa, Carlos",ALL,32,12.1,264,,2078,2025
"Allen, Larris",ALL,40,30.1,133,,2078,2025
"Barbosa, Jeiron",ALL,55,10.2,538,,2078,2025
"Allen, Mike",ALL,13,7.7,168,,2078,2025
"Bargary, Jamie",ALL,7,8.6,81,,2078,2025
"Allen, Jr., Ronald Dale",ALL,36,13.2,273,,2078,2025
"Barnes, Jose",ALL,6,7.4,81,,2078,2025
"Almedina, Mariangelys",ALL,2,3.7,54,,2078,2025
"Barraza, Brian Cobos",ALL,0,0.0,4,,2078,2025
"Almodovar, Gerald",ALL,6,7.0,86,,2078,2025
"Barrera, Elio J.",ALL,80,11.9,672,,2078,2025
"Alonso, Jose Luis",ALL,0,0.0,17,,2078,2025
"Barrios, Ricardo",ALL,48,11.7,411,,2078,2025
"Alpander, Tamay B",ALL,2,40.0,5,,2078,2025
"Barron, Ezekiel",ALL,0,0.0,1,,2078,2025
"Alsagoor, Abdul",ALL,0,0.0,14,,2078,2025
"Barzalona, Mickael",ALL,1,25.0,4,,2078,2025
"Alvarado, Cristian",ALL,0,0.0,4,,2078,2025
"Batista, Alexis X.",ALL,31,11.3,274,,2078,2025
"Alvarado, Frank T",ALL,36,14.0,257,,2078,2025
"Batista, Jose A.",ALL,43,11.3,382,,2078,2025
"Alvarado, Junior",ALL,116,15.4,752,,2078,2025
"Batista, Luis Alberto",ALL,102,14.1,723,,2078,2025
"Alvarado, Nazario",ALL,22,14.7,150,,2078,2025
"Batista, Luis Angel",ALL,19,9.5,200,,2078,2025
"Alvarez, Jose L.",ALL,55,17.6,313,,2078,2025
"Batoff, Justin",ALL,0,0.0,4,,2078,2025
"Alvarez, Misael",ALL,2,22.2,9,,2078,2025
"Bautista, Alfredo L.",ALL,16,7.7,209,,2078,2025
"Alvarez, Jr., David",ALL,0,0.0,5,,2078,2025
"Bays, Brooke",ALL,12,6.8,176,,2078,2025
"Alvelo, Jean C.",ALL,2,10.5,19,,2078,2025
"Baze, Tyler",ALL,46,9.6,477,,2078,2025
"Amador, Silvio Ruiz",ALL,39,13.9,280,,2078,2025
"Bealmear, Joseph C.",ALL,22,9.3,237,,2078,2025
"Americano, Manuel",ALL,159,16.9,943,,2078,2025
"Beato, Inoel",ALL,46,12.4,372,,2078,2025
"Amparan, Francisco",ALL,54,14.2,381,,2078,2025
"Beckman, Alice",ALL,0,0.0,2,,2078,2025
"Anaya, Alex V",ALL,0,0.0,6,,2078,2025
"Beetem, Brian",ALL,6,11.5,52,,2078,2025
"Anderson, Jodeien",ALL,4,4.5,88,,2078,2025
"Bejarano, Rafael",ALL,74,15.2,487,,2078,2025
"Anderson, McKenna",ALL,2,2.7,75,,2078,2025
"Belisario, Juan",ALL,49,16.1,304,,2078,2025
"Andrade, Jr., Oscar",ALL,4,4.7,85,,2078,2025
"Bell, Barrington",ALL,1,2.4,41,,2078,2025
"Andros, Corrine",ALL,7,17.5,40,,2078,2025
"Belle, Shavon",ALL,13,14.9,87,,2078,2025
"Antongeorgi III, William",ALL,21,7.8,269,,2078,2025
"Belmont, Cesar",ALL,2,22.2,9,,2078,2025
"Apango, Juan",ALL,3,7.7,39,,2078,2025
"Beltran, Josue M.",ALL,0,0.0,8,,2078,2025
"Aragon, Rolando",ALL,9,12.9,70,,2078,2025
"Benavides, Daniel",ALL,0,0.0,32,,2078,2025
"Arana, Jose",ALL,0,0.0,1,,2078,2025
"Bendezu, Alexander",ALL,114,19.8,577,,2078,2025
"Arana, Kelvin",ALL,18,5.8,311,,2078,2025
"Benn, Cordarelton J.",ALL,3,7.1,42,,2078,2025
"Arana, Minor",ALL,13,10.7,122,,2078,2025
"Bennett, Mathew",ALL,8,7.3,110,,2078,2025
"Aranguren, Johanis",ALL,0,0.0,13,,2078,2025
"Bermudez, Samuel E.",ALL,69,12.3,563,,2078,2025
"Araujo, Denis Vicente",ALL,72,13.6,528,,2078,2025
"Berrios, Hector Isaac",ALL,114,19.9,572,,2078,2025
"Arboleda, Aldo",ALL,32,11.0,291,,2078,2025
"Berrios, Hector",ALL,4,12.1,33,,2078,2025
"Armenta, Angel Acevedo",ALL,3,75.0,4,,2078,2025
"Berrios, John C.",ALL,11,9.8,112,,2078,2025
"Arnold, Brinton",ALL,2,4.7,43,,2078,2025
"Berrios-Lopez, Daylor",ALL,19,10.3,185,,2078,2025
"Arrieta, Francisco",ALL,93,15.5,600,,2078,2025
"Beschizza, Adam",ALL,62,12.4,499,,2078,2025
"Arrieta, Reynier",ALL,35,11.0,317,,2078,2025
"Beswick, Harrison",ALL,5,11.6,43,,2078,2025
"Arriola-Serrano, Jose",ALL,0,0.0,5,,2078,2025
"Betancourt, Jose R.",ALL,4,7.1,56,,2078,2025
"Arroyo, Miguel",ALL,0,0.0,19,,2078,2025
"Bethke, Scott A.",ALL,25,11.4,220,,2078,2025
"Asencio, Gabriel Garcia",ALL,1,100.0,1,,2078,2025
"Biddick, Will",ALL,0,0.0,1,,2078,2025
"Asencio, Jose Mariano",ALL,51,14.7,346,,2078,2025
"Birdrattler, Richard",ALL,11,12.6,87,,2078,2025
"Ashton, Gavin",ALL,15,5.8,259,,2078,2025
"Birzer, Alex",ALL,54,13.9,388,,2078,2025
"Asmussen, Erik",ALL,124,15.7,790,,2078,2025
"Blanche, Rishawn",ALL,7,9.1,77,,2078,2025
"Asmussen, Keith J.",ALL,63,10.0,627,,2078,2025
"Bobroff, Jacquelyn",ALL,7,5.0,141,,2078,2025
"Astudillo, Felix",ALL,8,5.2,155,,2078,2025
"Bocachica, Abnel J.",ALL,21,9.0,234,,2078,2025
"Atempa, Liandro",ALL,0,0.0,2,,2078,2025
"Bocachica, Arnaldo",ALL,215,32.1,670,,2078,2025
"Aviles, Yan",ALL,91,14.6,622,,2078,2025
"Bocachica, Orlando",ALL,23,11.1,208,,2078,2025
"Ayala, Addiel J.",ALL,23,11.9,193,,2078,2025
"Boodramsingh, Brian",ALL,41,23.0,178,,2078,2025
"Ayala, Eric",ALL,3,16.7,18,,2078,2025
"Boraco, David",ALL,2,2.4,83,,2078,2025
"Ayuso, Armando",ALL,100,13.7,732,,2078,2025
"Borel, Calvin H.",ALL,7,6.2,112,,2078,2025
"Baca, Edgar Rene",ALL,0,0.0,7,,2078,2025
"Bossa, Federico",ALL,0,0.0,4,,2078,2025
"Bacon, Tyler W.",ALL,147,18.3,802,,2078,2025
"Boucher, Mell",ALL,3,7.0,43,,2078,2025
"Bad Bear, Jossiah",ALL,3,11.1,27,,2078,2025
"Boucher, Richard",ALL,0,0.0,6,,2078,2025
"Badaloo, Douglas",ALL,0,0.0,9,,2078,2025
"Boulanger, Brandon Chance",ALL,0,0.0,20,,2078,2025
"Bowen, Rocco",ALL,99,17.6,563,,2079,2025
"Castro, Victor M.",ALL,5,6.5,77,,2079,2025
"Bowers, Jada",ALL,0,0.0,21,,2079,2025
"Castruita, Carlos",ALL,0,0.0,3,,2079,2025
"Bowman, Adam",ALL,26,7.3,354,,2079,2025
"Catala, Jeriel",ALL,14,10.1,138,,2079,2025
"Boyce, Forest",ALL,49,14.9,329,,2079,2025
"Cedeno, Carol",ALL,32,10.3,312,,2079,2025
"Bracho, Agustin",ALL,30,14.1,213,,2079,2025
"Cedillo, Abel",ALL,39,8.1,482,,2079,2025
"Bracho, Jose A.",ALL,127,19.6,647,,2079,2025
"Cedillo, Mauro",ALL,34,8.6,397,,2079,2025
"Bracho, Richard A.",ALL,9,12.2,74,,2079,2025
"Centeno, Alexis",ALL,37,19.6,189,,2079,2025
"Bravo, Joe",ALL,35,14.3,245,,2079,2025
"Centeno, Daniel",ALL,72,13.4,538,,2079,2025
"Bravo, Matias Misael",ALL,8,26.7,30,,2079,2025
"Cervantes, Oscar",ALL,2,2.9,68,,2079,2025
"Briceno, Jean Gregor",ALL,41,11.5,355,,2079,2025
"Cespedes, Jhorma",ALL,16,10.8,148,,2079,2025
"Bridgmohan, Jermaine V.",ALL,13,8.7,149,,2079,2025
"Chalaris, Anastasios",ALL,4,22.2,18,,2079,2025
"Bridgmohan, Shaun",ALL,4,8.7,46,,2079,2025
"Chandra, Prem",ALL,0,0.0,14,,2079,2025
"Brown, Dalton",ALL,1,2.0,50,,2079,2025
"Chase, Kemar Richard",ALL,2,3.2,62,,2079,2025
"Bryan, Desmond",ALL,3,6.1,49,,2079,2025
"Chavez, Alexander",ALL,141,19.4,728,,2079,2025
"Bryan, Kerry",ALL,1,16.7,6,,2079,2025
"Chavez, Andres",ALL,15,5.7,261,,2079,2025
"Buchanan, MarkLee Z.",ALL,1,8.3,12,,2079,2025
"Chavez, Deybis",ALL,1,4.0,25,,2079,2025
"Budhu, Arthur",ALL,2,4.3,47,,2079,2025
"Chavez, Oriel",ALL,0,0.0,45,,2079,2025
"Bugeaud, Laurina",ALL,4,5.3,75,,2079,2025
"Chavez, Ruben E.",ALL,0,0.0,5,,2079,2025
"Bughenaim, Faleh Nasser",ALL,1,50.0,2,,2079,2025
"Cheminaud, Vincent",ALL,38,12.0,317,,2079,2025
"Buick, William",ALL,2,18.2,11,,2079,2025
"Chernetz, Skye",ALL,14,10.1,139,,2079,2025
"Burgos, Alberto",ALL,69,12.0,575,,2079,2025
"Cheyne, Brian A.",ALL,0,0.0,5,,2079,2025
"Burke, Jermaine",ALL,0,0.0,9,,2079,2025
"Chiappe, Ricardo",ALL,40,12.5,321,,2079,2025
"Burnham, Matilda",ALL,17,5.4,317,,2079,2025
"Chickeness, Sheldon",ALL,5,18.5,27,,2079,2025
"Bush, Vernon",ALL,5,5.7,88,,2079,2025
"Chilo, Maximo",ALL,33,7.6,437,,2079,2025
"Bynoe, Damario",ALL,60,26.5,226,,2079,2025
"Chuan, Martin",ALL,129,19.8,651,,2079,2025
"Bynoe, Desean",ALL,8,6.7,119,,2079,2025
"Cintron, Yalexamarie",ALL,10,9.5,105,,2079,2025
"Cabrera, David",ALL,120,16.0,750,,2079,2025
"Cirocca, Davide",ALL,0,0.0,2,,2079,2025
"Caceres, Luis",ALL,0,0.0,1,,2079,2025
"Civaci, Sahin",ALL,116,18.7,621,,2079,2025
"Cacha-Padilla, Benjamin",ALL,5,22.7,22,,2079,2025
"Clemente, Alfredo",ALL,0,0.0,15,,2079,2025
"Callaghan, Slade",ALL,5,38.5,13,,2079,2025
"Coa, Keiber J.",ALL,71,15.3,464,,2079,2025
"Calleja, Andres",ALL,16,6.7,239,,2079,2025
"Coates, Jimmy Ray",ALL,25,17.1,146,,2079,2025
"Camacho, Eric",ALL,0,0.0,1,,2079,2025
"Cockburn, Sam",ALL,0,0.0,2,,2079,2025
"Camacho, Samy",ALL,162,20.1,805,,2079,2025
"Cohen, David",ALL,24,10.3,233,,2079,2025
"Camacho, Valentin",ALL,1,6.7,15,,2079,2025
"Collazo, Luis A.",ALL,0,0.0,1,,2079,2025
"Camacho, Jr., Samuel",ALL,7,5.9,118,,2079,2025
"Colon, Luis H.",ALL,33,17.6,188,,2079,2025
"Camacho-Benitez, Simon",ALL,0,0.0,8,,2079,2025
"Concepcion, Axel",ALL,102,12.8,799,,2079,2025
"Camacho-Flores, Leonel",ALL,3,3.4,88,,2079,2025
"Conner, Tyler",ALL,54,16.2,333,,2079,2025
"Camilo, Carlos D.",ALL,4,4.2,96,,2079,2025
"Conning, Crystal",ALL,2,8.3,24,,2079,2025
"Campos, Jose Luis",ALL,48,9.6,501,,2079,2025
"Contreras, Luis",ALL,54,12.6,430,,2079,2025
"Canales, Jesus J.",ALL,1,16.7,6,,2079,2025
"Cora, David",ALL,87,18.4,473,,2079,2025
"Canavan, Jordan",ALL,3,11.5,26,,2079,2025
"Corbett, Glenn W.",ALL,76,18.4,412,,2079,2025
"Cancel, Eric",ALL,57,12.2,467,,2079,2025
"Corrales, Gerardo",ALL,33,12.9,255,,2079,2025
"Cannon, Declan",ALL,35,11.1,314,,2079,2025
"Correa, Julio",ALL,17,7.2,235,,2079,2025
"Canuto, Thiago",ALL,8,5.0,159,,2079,2025
"Correa, Yarmarie L.",ALL,69,15.0,459,,2079,2025
"Carberry, Luke",ALL,5,11.9,42,,2079,2025
"Corujo, Leonardo",ALL,19,8.6,222,,2079,2025
"Cardenas, Dick",ALL,0,0.0,1,,2079,2025
"Corujo, Wilfredo",ALL,5,6.2,81,,2079,2025
"Cardenas, Jacob",ALL,0,0.0,13,,2079,2025
"Cotto, Jr., Pedro L.",ALL,9,6.8,132,,2079,2025
"Cardoso, David",ALL,78,19.5,399,,2079,2025
"Court, Aaron J.",ALL,1,6.2,16,,2079,2025
"Carillo, Daniel",ALL,0,0.0,8,,2079,2025
"Couton, Julien",ALL,37,17.4,213,,2079,2025
"Carlson, Taylor J.",ALL,1,5.3,19,,2079,2025
"Crawford, Juan",ALL,49,14.2,345,,2079,2025
"Carmona, Kevin",ALL,0,0.0,34,,2079,2025
"Crispin, Alexander",ALL,34,8.4,407,,2079,2025
"Carmona, Serafin",ALL,24,6.6,366,,2079,2025
"Cruz, Alex M.",ALL,91,12.1,749,,2079,2025
"Carmouche, Braxton",ALL,1,100.0,1,,2079,2025
"Cruz, Angel",ALL,148,15.8,939,,2079,2025
"Carmouche, Kendrick .................................. 1,033 188 160 163 14,623,286 Cruz, Damian Diaz",ALL,5,5.3,95,,2079,2025
"Carpio, Rilardo J.",ALL,0,0.0,1,,2079,2025
"Cruz, Joel",ALL,61,15.0,407,,2079,2025
"Carrasco, Carlos",ALL,0,0.0,4,,2079,2025
"Cruz, Kelvin",ALL,1,8.3,12,,2079,2025
"Carrasco, Victor R.",ALL,35,9.0,387,,2079,2025
"Cruz, Roman",ALL,15,17.2,87,,2079,2025
"Carreno, Jorge",ALL,6,8.3,72,,2079,2025
"Cullum, Walter",ALL,15,11.1,135,,2079,2025
"Carrero, Victor",ALL,0,0.0,1,,2079,2025
"Cumberbatch, Renaldo",ALL,14,9.0,155,,2079,2025
"Carrillo, Daniel",ALL,6,6.0,100,,2079,2025
"Cundith, Sarah",ALL,1,12.5,8,,2079,2025
"Carroll, Declan",ALL,1,8.3,12,,2079,2025
"Cunningham, Travis",ALL,76,13.4,568,,2079,2025
"Carter, Kyle",ALL,19,16.0,119,,2079,2025
"Curtis, Ben",ALL,111,15.5,718,,2079,2025
"Carter, Tyrone",ALL,0,0.0,19,,2079,2025
"Curtsinger, Johnathon",ALL,1,5.0,20,,2079,2025
"Casique, Ubardo",ALL,5,4.1,122,,2079,2025
"Da Silva, Fausto Henrique",ALL,59,19.4,304,,2079,2025
"Castanon, Jesus Lopez",ALL,20,13.2,151,,2079,2025
"Dahl, Gustav",ALL,1,25.0,4,,2079,2025
"Castellano, Javier",ALL,96,13.3,724,,2079,2025
"Dalrymple, Dario",ALL,9,9.5,95,,2079,2025
"Castellanos, Adrian",ALL,65,16.8,387,,2079,2025
"Dalton, Bernard",ALL,15,17.0,88,,2079,2025
"Castillo, Alexander",ALL,69,11.8,583,,2079,2025
"David, Michael",ALL,0,0.0,11,,2079,2025
"Castillo, Amin",ALL,0,0.0,84,,2079,2025
"Davies, Teddy",ALL,1,8.3,12,,2079,2025
"Castillo, Angel",ALL,37,10.4,355,,2079,2025
"Davila, Jose M.",ALL,1,3.6,28,,2079,2025
"Castillo, Isaac",ALL,79,14.0,565,,2079,2025
"Davila, Jr., Michael A.",ALL,25,11.0,227,,2079,2025
"Castillo, Pablo E.",ALL,4,5.8,69,,2079,2025
"Davis, Jacqueline A.",ALL,11,5.7,192,,2080,2025
"Feliciano, Ricardo",ALL,38,14.4,264,,2080,2025
"Davis, Katie",ALL,40,8.9,448,,2080,2025
"Felix, Julio E.",ALL,87,14.9,583,,2080,2025
"Dawkins, Dane",ALL,1,2.6,38,,2080,2025
"Fernandez, Marvin",ALL,0,0.0,6,,2080,2025
"De Bortoli Herrnegger, Alice",ALL,1,50.0,2,,2080,2025
"Fernandez, Victor R.",ALL,69,14.3,483,,2080,2025
"De Diego, Emanuel",ALL,46,13.0,354,,2080,2025
"Ferrer, Jose C.",ALL,61,14.4,425,,2080,2025
"De Jesus, Kemich",ALL,0,0.0,22,,2080,2025
"Figueroa, Cerapio",ALL,1,4.8,21,,2080,2025
"De La Cruz, Erik",ALL,0,0.0,3,,2080,2025
"Figueroa, Heriberto",ALL,5,3.8,133,,2080,2025
"De La Cruz, Fernando",ALL,151,16.7,903,,2080,2025
"Figueroa, Jose Antonio",ALL,19,23.5,81,,2080,2025
"De La Cruz, Walter",ALL,85,14.9,569,,2080,2025
"Figueroa, Sergio",ALL,18,9.5,190,,2080,2025
"De Leon, Azael",ALL,0,0.0,1,,2080,2025
"Fincher, Tanner",ALL,9,22.0,41,,2080,2025
"Vries, Adrie",ALL,0,0.0,1,,2080,2025
"Flaco, Arcelio",ALL,6,8.7,69,,2080,2025
"Defreitas, Carl",ALL,0,0.0,6,,2080,2025
"Fletcher, Cassidy D. B",ALL,8,7.3,110,,2080,2025
"Del Fabbro, Sara",ALL,14,9.3,150,,2080,2025
"Fletcher, Samantha",ALL,1,2.9,34,,2080,2025
"Del-Cid, Vicente",ALL,133,24.5,543,,2080,2025
"Flores, Adrian",ALL,0,0.0,1,,2080,2025
"Delgado, Alberto",ALL,0,0.0,30,,2080,2025
"Flores, David Romero",ALL,1,25.0,4,,2080,2025
"Delgado, David",ALL,7,10.4,67,,2080,2025
"Flores, Emilio",ALL,29,13.3,218,,2080,2025
"Delgado, Mario",ALL,0,0.0,1,,2080,2025
"Flores, Eswan",ALL,69,15.0,459,,2080,2025
"Delorme, Larren",ALL,33,12.3,269,,2080,2025
"Flores, Jeremias",ALL,49,16.6,295,,2080,2025
"Demuro, Mirco",ALL,30,16.5,182,,2080,2025
"Flores, Jesus",ALL,0,0.0,7,,2080,2025
"Dennis, Matthew Jeremiah",ALL,3,9.4,32,,2080,2025
"Flores, Pedro",ALL,2,2.6,76,,2080,2025
"Deonauth, Kenneth P.",ALL,0,0.0,23,,2080,2025
"Florian, Jose",ALL,9,5.2,173,,2080,2025
"Desjarlais, Cody",ALL,0,0.0,5,,2080,2025
"Foley, Shane",ALL,0,0.0,1,,2080,2025
"Desormeaux, Kent J.",ALL,17,15.2,112,,2080,2025
"Forbes, Chad",ALL,0,0.0,1,,2080,2025
"Dettori, Lanfranco",ALL,38,11.9,318,,2080,2025
"Forde, Xarel",ALL,56,13.5,415,,2080,2025
"Diaz, Angel I.",ALL,126,17.2,734,,2080,2025
"Foster, Orlando",ALL,5,27.8,18,,2080,2025
"Diaz, Cesar",ALL,2,4.3,47,,2080,2025
"Foster, Tevin R",ALL,14,8.1,173,,2080,2025
"Diaz, Juan J.",ALL,2,4.8,42,,2080,2025
"Fox, Kris",ALL,1,2.0,51,,2080,2025
"Diaz, Rene",ALL,75,14.6,513,,2080,2025
"Franca, Carlos Erieltun",ALL,0,0.0,9,,2080,2025
"Diaz, Renzo",ALL,1,2.0,51,,2080,2025
"Francis, Omelio G.",ALL,0,0.0,10,,2080,2025
"Diaz, Sunday",ALL,0,0.0,14,,2080,2025
"Franco, Cesar",ALL,0,0.0,11,,2080,2025
"Diaz, Vladimir",ALL,8,5.3,150,,2080,2025
"Franco, Geovanni",ALL,26,8.3,315,,2080,2025
"Diaz, Jr., Hector Rafael",ALL,22,11.8,186,,2080,2025
"Diaz, Jr., Sunday",ALL,57,11.5,497,,2080,2025
"Fresu, Antonio",ALL,136,17.5,776,,2080,2025
"Diaz-Lopez, Francisco",ALL,1,4.2,24,,2080,2025
"Fret, Steven",ALL,6,10.2,59,,2080,2025
"Diego, Iram Vargas",ALL,82,13.4,614,,2080,2025
"Frey, Kyle",ALL,71,10.3,691,,2080,2025
"Diego, Javier",ALL,14,6.9,204,,2080,2025
"Frey, Tammy S",ALL,0,0.0,13,,2080,2025
"Doll, Connie P.",ALL,0,0.0,1,,2080,2025
"Fuenmayor, Luis",ALL,22,7.3,303,,2080,2025
"Dominguez, Christian G.",ALL,0,0.0,1,,2080,2025
"Fuentes, Erick",ALL,0,0.0,3,,2080,2025
"Dominguez, Eddie",ALL,2,4.0,50,,2080,2025
"Fuentes, Luis A.",ALL,20,27.4,73,,2080,2025
"Dominguez, Joel",ALL,171,17.7,964,,2080,2025
"Fuentes, Mario",ALL,22,6.3,349,,2080,2025
"Dominguez, Victor Felipe",ALL,4,12.1,33,,2080,2025
"Fuentes, Jr., Miguel T.",ALL,16,14.3,112,,2080,2025
"Donoghue, Keith",ALL,0,0.0,1,,2080,2025
"Fukumoto, Daisuke",ALL,40,15.3,262,,2080,2025
"Dottin-Downes, Kodi",ALL,0,0.0,5,,2080,2025
"Fusilier, Casey",ALL,41,12.5,328,,2080,2025
"Douglas, Christoff",ALL,2,5.6,36,,2080,2025
"Doyle, James",ALL,0,0.0,1,,2080,2025
"Gallardo, Antonio A.",ALL,134,18.4,727,,2080,2025
"Doyle, Sophie",ALL,22,7.7,287,,2080,2025
"Gallardo, Eduardo",ALL,50,13.8,362,,2080,2025
"Duran, Francisco",ALL,9,8.6,105,,2080,2025
"Galligan, Gerard",ALL,10,15.9,63,,2080,2025
"Dwan, Evan",ALL,13,11.8,110,,2080,2025
"Galvan, Jhair",ALL,0,0.0,2,,2080,2025
"Ebow III, Warren",ALL,12,10.6,113,,2080,2025
"Gamez, Fernando Manuel",ALL,8,11.0,73,,2080,2025
"Edison, Jocelyn",ALL,7,4.8,147,,2080,2025
"Garcia, Epifanio",ALL,3,6.4,47,,2080,2025
"Edison Jr., Randy",ALL,0,0.0,2,,2080,2025
"Garcia, Erick G.",ALL,0,0.0,1,,2080,2025
"Edwards, Odeen A.",ALL,1,2.1,47,,2080,2025
"Garcia, Erick",ALL,1,5.6,18,,2080,2025
"Egan, David",ALL,23,15.2,151,,2080,2025
"Garcia, Francisco",ALL,24,10.6,226,,2080,2025
"Ellingwood, Emily A.",ALL,0,0.0,13,,2080,2025
"Garcia, Martin",ALL,8,7.9,101,,2080,2025
"Elliott, Christopher ...................................... 1,021 122 118 148 6,765,109 Gaskin, Da-Sean Zavier",ALL,20,8.4,237,,2080,2025
"Elliott, Jane",ALL,26,8.7,300,,2080,2025
"Geroux, Florent",ALL,72,14.2,506,,2080,2025
"Elliott, Stewart",ALL,131,17.5,747,,2080,2025
"Gil, Cipriano",ALL,81,12.7,639,,2080,2025
"Ellis, Devon",ALL,6,7.9,76,,2080,2025
"Gilbert, Kyle",ALL,14,5.7,244,,2080,2025
"Emigh, Christopher A.",ALL,10,10.5,95,,2080,2025
"Giles, Emmanuel",ALL,22,9.7,227,,2080,2025
"English, Samantha",ALL,0,0.0,2,,2080,2025
"Giles, Francisco",ALL,0,0.0,1,,2080,2025
"Enriquez, Isaias D.",ALL,32,18.1,177,,2080,2025
"Gilligan, Danny",ALL,1,33.3,3,,2080,2025
"Eramia, Richard E.",ALL,55,10.5,526,,2080,2025
"Gilpin, Sean",ALL,0,0.0,1,,2080,2025
"Ernst, Bryan",ALL,0,0.0,2,,2080,2025
"Glass, Derbe",ALL,1,20.0,5,,2080,2025
"Escobar, Edward",ALL,0,0.0,2,,2080,2025
"Gobay, Wilbert",ALL,0,0.0,3,,2080,2025
"Escobedo, Adrian",ALL,25,10.5,238,,2080,2025
"Goff, Jr., B. L.",ALL,0,0.0,3,,2080,2025
"Espinoza, Alexis",ALL,1,3.0,33,,2080,2025
"Golibrzuch, Siggy",ALL,0,0.0,2,,2080,2025
"Espinoza, Assael",ALL,30,10.8,279,,2080,2025
"Gomez, Agustin",ALL,8,8.7,92,,2080,2025
"Espinoza, Victor",ALL,9,11.7,77,,2080,2025
"Gomez, Alejandro",ALL,40,11.1,361,,2080,2025
"Esquivel, Emmanuel",ALL,95,13.6,696,,2080,2025
"Gomez, Enrique Portillo",ALL,48,11.9,405,,2080,2025
"Esquivel, Valentin",ALL,8,5.8,138,,2080,2025
"Gomez, Jose Antonio",ALL,21,6.1,342,,2080,2025
"Evans, Cecily",ALL,4,12.1,33,,2080,2025
"Gomez, Jose Roberto",ALL,0,0.0,5,,2080,2025
"Fackler, Chris",ALL,16,8.1,197,,2080,2025
"Gomez, Kevin",ALL,42,9.9,423,,2080,2025
"Gomez, Oscar",ALL,19,13.0,146,,2081,2025
"Hernandez, Maikol",ALL,0,0.0,6,,2081,2025
"Gomez, Reyes",ALL,0,0.0,3,,2081,2025
"Hernandez, Olaf",ALL,34,13.6,250,,2081,2025
"Goncalves, Leandro D.",ALL,34,14.2,239,,2081,2025
"Hernandez, Rafael Manuel",ALL,171,21.9,781,,2081,2025
"Gonzales, Enrique",ALL,0,0.0,1,,2081,2025
"Hernandez, Rey",ALL,0,0.0,3,,2081,2025
"Gonzales, Jonathan J.",ALL,0,0.0,1,,2081,2025
"Hernandez, V.",ALL,1,3.1,32,,2081,2025
"Gonzalez, Alex",ALL,13,6.6,198,,2081,2025
"Hernandez Moreno, Omar",ALL,10,4.6,218,,2081,2025
"Gonzalez, Cesar",ALL,14,8.2,171,,2081,2025
"Hernandez, Jr., Brian Joseph",ALL,120,16.2,742,,2081,2025
"Gonzalez, Derby E.",ALL,0,0.0,1,,2081,2025
"Herrera, Carlos C.",ALL,2,6.5,31,,2081,2025
"Gonzalez, Edwin",ALL,117,16.2,724,,2081,2025
"Herrera, Cristobal",ALL,8,3.8,208,,2081,2025
"Gonzalez, Elvin",ALL,142,16.8,846,,2081,2025
"Herrera, Diego A.",ALL,46,10.2,450,,2081,2025
"Gonzalez, Enrique Alonzo",ALL,27,14.7,184,,2081,2025
"Herrera, Hugo",ALL,7,10.0,70,,2081,2025
"Gonzalez, Henderson",ALL,0,0.0,7,,2081,2025
"Herrera, Jacinto R.",ALL,0,0.0,4,,2081,2025
"Gonzalez, Jesse P",ALL,0,0.0,6,,2081,2025
"Hess, Sara",ALL,40,9.2,436,,2081,2025
"Gonzalez, Jorge Luis",ALL,18,8.8,204,,2081,2025
"Hewitt, Roger",ALL,2,2.7,73,,2081,2025
"Gonzalez, Kevin",ALL,69,11.1,623,,2081,2025
"Hiraldo, Christian",ALL,35,11.0,319,,2081,2025
"Gonzalez, Luis Antonio",ALL,56,23.4,239,,2081,2025
"Hiraldo, John",ALL,4,3.4,118,,2081,2025
"Gonzalez, Melvis",ALL,67,13.6,493,,2081,2025
"Hisby, Ronald",ALL,21,9.5,221,,2081,2025
"Gonzalez, Nicasio",ALL,2,4.8,42,,2081,2025
"Ho, Wesley",ALL,30,14.8,203,,2081,2025
"Gonzalez, Pedro",ALL,4,12.1,33,,2081,2025
"Houghton, T. D.",ALL,42,14.6,287,,2081,2025
"Gonzalez, Ricardo",ALL,34,9.6,356,,2081,2025
"Hoyte, Jason",ALL,9,5.0,181,,2081,2025
"Gonzalez, Santiago",ALL,79,15.2,521,,2081,2025
"Huaman, Luis A.",ALL,0,0.0,1,,2081,2025
"Gonzalez, Silvestre",ALL,74,13.4,554,,2081,2025
"Huayas, Gherson (Jason)",ALL,0,0.0,4,,2081,2025
"Gonzalez Carrillo, Jesus",ALL,0,0.0,2,,2081,2025
"Huckaby, Ronnie",ALL,22,8.6,255,,2081,2025
"Gonzalez Sanchez, Jorge L.",ALL,9,5.0,181,,2081,2025
"Hughes, Rasheed",ALL,46,16.5,279,,2081,2025
"Gonzalez, Jr., Franklin",ALL,24,6.3,380,,2081,2025
"Husbands, Christopher",ALL,41,19.6,209,,2081,2025
"Gordon, Garfield",ALL,13,12.4,105,,2081,2025
"Husbands, Micah J.",ALL,70,17.2,406,,2081,2025
"Graham, James",ALL,36,9.0,398,,2081,2025
"Husbands, Neil S.",ALL,0,0.0,1,,2081,2025
"Green, Aubrie",ALL,12,10.0,120,,2081,2025
"Husbands, Patrick",ALL,30,18.0,167,,2081,2025
"Greenidge, Elijah",ALL,18,4.8,374,,2081,2025
"Husbands, Terry",ALL,7,20.6,34,,2081,2025
"Griffith, Rashaun Delane Tristan",ALL,8,11.8,68,,2081,2025
"Infante, Ferley A.",ALL,0,0.0,25,,2081,2025
"Grisales Rave, Danilo",ALL,10,16.1,62,,2081,2025
"Iniguez, Salvador",ALL,0,0.0,1,,2081,2025
"Guerra, Rodolfo",ALL,6,5.0,121,,2081,2025
"Inirio, Junior",ALL,2,4.7,43,,2081,2025
"Guerrero, Jose Andres",ALL,37,14.1,263,,2081,2025
"Inirio, Maicol J.",ALL,30,9.7,308,,2081,2025
"Guerrero, Jose C.",ALL,8,10.3,78,,2081,2025
"Iorio, Melissa",ALL,24,8.3,289,,2081,2025
"Gutierrez, Jose Ramos",ALL,49,10.1,483,,2081,2025
"Ironeyes, Jayden R.",ALL,36,8.1,445,,2081,2025
"Gutierrez, Juan M.",ALL,16,17.8,90,,2081,2025
"Jadoo, Steve",ALL,1,8.3,12,,2081,2025
"Gutierrez, Mario",ALL,33,11.3,291,,2081,2025
"Jaime, Ricardo",ALL,6,5.6,108,,2081,2025
"Gutierrez, Reylu",ALL,80,15.4,519,,2081,2025
"Jara, Fernando",ALL,26,8.4,309,,2081,2025
"Haar, Nathan",ALL,54,14.6,370,,2081,2025
"Jaramillo, Emisael",ALL,154,19.5,791,,2081,2025
"Haddock, Dexter",ALL,84,12.3,683,,2081,2025
"Jasim, A. Rahim",ALL,1,16.7,6,,2081,2025
"Haldar, David J.",ALL,42,11.3,372,,2081,2025
"Jensen, Vladimir P.",ALL,10,7.6,132,,2081,2025
"Halliday, Vince",ALL,0,0.0,5,,2081,2025
"Jimenez, Albin",ALL,100,20.8,481,,2081,2025
"Hamilton, Weston",ALL,37,6.9,533,,2081,2025
"Jimenez, David",ALL,0,0.0,2,,2081,2025
"Hammer Hansen, Thore",ALL,1,50.0,2,,2081,2025
"Jimenez, Kevin J.",ALL,2,2.9,70,,2081,2025
"Harkie, Heman K.",ALL,31,8.5,364,,2081,2025
"Jimenez, Manny",ALL,1,33.3,3,,2081,2025
"Harr, Kelsi",ALL,25,9.3,269,,2081,2025
"Jimenez, Rafael S.",ALL,1,7.7,13,,2081,2025
"Hartsmar, Cornelia",ALL,0,0.0,14,,2081,2025
"Jimenez, Samuel",ALL,2,7.4,27,,2081,2025
"Harvey, Barrington",ALL,2,5.6,36,,2081,2025
"Jimenez, Santiago",ALL,0,0.0,1,,2081,2025
"Harvey, Bebeto Deneiko",ALL,4,10.5,38,,2081,2025
"Jimenez Aburto, Luis Manuel",ALL,3,3.5,86,,2081,2025
"Hazelwood, Teshawn",ALL,0,0.0,11,,2081,2025
"Johnson, Devon",ALL,0,0.0,5,,2081,2025
"Hazlewood, Yedsit",ALL,137,23.3,588,,2081,2025
"Johnson, Kirk",ALL,22,10.0,221,,2081,2025
"Hebert, Lindsey",ALL,6,7.4,81,,2081,2025
"Jones, Slade",ALL,11,7.1,155,,2081,2025
"Hebert, Tracy J.",ALL,22,13.3,166,,2081,2025
"Jordan, Corey",ALL,0,0.0,16,,2081,2025
"Hendriks, Parker",ALL,0,0.0,4,,2081,2025
"Jordan, Kylee R.",ALL,28,12.8,218,,2081,2025
"Henry, Wesley",ALL,4,6.5,62,,2081,2025
"Jorge, Julio",ALL,6,5.3,114,,2081,2025
"Henry, Jr., Patrick",ALL,0,0.0,1,,2081,2025
"Journet, Jarred",ALL,22,14.1,156,,2081,2025
"Herman, Noel",ALL,2,5.6,36,,2081,2025
"Juarez, Brayan",ALL,0,0.0,7,,2081,2025
"Hernandez, Andy",ALL,77,18.4,418,,2081,2025
"Juarez, Nik",ALL,34,11.6,294,,2081,2025
"Hernandez, Carlos J.",ALL,4,7.3,55,,2081,2025
"Juarez, Jr., Alfredo J.",ALL,93,22.4,415,,2081,2025
"Hernandez, Colby J.",ALL,64,13.9,460,,2081,2025
"Jude, John",ALL,0,0.0,14,,2081,2025
"Hernandez, Efrain",ALL,11,9.6,114,,2081,2025
"Jurado, Eddie",ALL,11,6.4,172,,2081,2025
"Hernandez, Harry",ALL,115,20.8,553,,2081,2025
"Karamanos, Horacio",ALL,41,10.5,390,,2081,2025
"Hernandez, Israel",ALL,55,14.3,385,,2081,2025
"Keane, Colin T.",ALL,0,0.0,3,,2081,2025
"Hernandez, Jairo H.",ALL,6,7.2,83,,2081,2025
"Keil, Caitlin",ALL,0,0.0,3,,2081,2025
"Hernandez, Jann N.",ALL,39,17.6,221,,2081,2025
"Keiser, Chelsey",ALL,21,13.6,154,,2081,2025
"Hernandez, Javier Antonio",ALL,7,7.1,98,,2081,2025
"Kellenberger, Kody",ALL,17,13.0,131,,2081,2025
"Hernandez, Jorge F.",ALL,19,15.4,123,,2081,2025
"Kennedy, Jack W.",ALL,4,100.0,4,,2081,2025
"Hernandez, Juan J.",ALL,183,25.3,722,,2081,2025
"Kerr, Cheyenne",ALL,16,12.7,126,,2081,2025
"Hernandez, Julio A.",ALL,142,19.5,728,,2081,2025
"Khelawan, Kerron",ALL,31,20.7,150,,2081,2025
"Hernandez, Luciano",ALL,4,7.4,54,,2081,2025
"Kimes, Curtis",ALL,33,18.1,182,,2081,2025
"Hernandez, Luis A.",ALL,8,6.9,116,,2081,2025
"Kimura, Kazushi",ALL,89,12.4,715,,2081,2025
"Hernandez, Luis O.",ALL,0,0.0,1,,2081,2025
"Kingsley, Taylor",ALL,4,26.7,15,,2081,2025
"Knights, Rachaad",ALL,24,15.0,160,,2082,2025
"Magnon, Devin H.",ALL,24,10.2,236,,2082,2025
"Kocakaya, Gokhan",ALL,5,9.8,51,,2082,2025
"Mailhot, Pierre",ALL,3,3.8,80,,2082,2025
"Korrell, Virginia",ALL,5,12.5,40,,2082,2025
"Maldonado, Christian",ALL,51,12.2,419,,2082,2025
"Krigger, Kevin",ALL,111,20.0,555,,2082,2025
"Maldonado, Edwin A.",ALL,47,13.8,340,,2082,2025
"Laboy, Chrisjoel",ALL,0,0.0,2,,2082,2025
"Maldonado, Gabriel",ALL,36,11.0,327,,2082,2025
"Lafaye, Camille",ALL,0,0.0,2,,2082,2025
"Malvaez, Mauricio",ALL,13,10.2,128,,2082,2025
"Lagunes, Gabriel",ALL,25,10.2,246,,2082,2025
"Mamdeen, Christopher Roy",ALL,25,17.9,140,,2082,2025
"Lahoe, Ruja",ALL,3,13.0,23,,2082,2025
"Manrrique, Freddy Jose",ALL,23,14.0,164,,2082,2025
"Landeros, Chris",ALL,17,8.6,198,,2082,2025
"Maragh, Christian",ALL,19,7.5,255,,2082,2025
"Lanerie, Corey J.",ALL,52,12.0,432,,2082,2025
"Maragh, Rajiv",ALL,63,11.8,535,,2082,2025
"Laprida, Jeremy",ALL,5,9.1,55,,2082,2025
"Maragh, Romero Ramsay",ALL,32,6.1,528,,2082,2025
"Lara, Abel",ALL,0,0.0,4,,2082,2025
"Lara, Ezequiel",ALL,12,12.6,95,,2082,2025
"Marquez, Charlie",ALL,9,7.5,120,,2082,2025
"Lara, Gabriel Angel Gomez",ALL,0,0.0,2,,2082,2025
"Marquez, Guadalupe A.",ALL,0,0.0,7,,2082,2025
"Lara, Irving",ALL,0,0.0,2,,2082,2025
"Marquez, Juan D.",ALL,0,0.0,1,,2082,2025
"Lara, Victor",ALL,4,3.0,134,,2082,2025
"Marquez, Larry",ALL,1,2.6,39,,2082,2025
"Larios, A.",ALL,0,0.0,2,,2082,2025
"Marrero, Carlos",ALL,1,3.4,29,,2082,2025
"Larios, Antonio",ALL,2,5.7,35,,2082,2025
"Marshall, Charlie",ALL,2,33.3,6,,2082,2025
"Larrosa, Gustavo",ALL,22,9.4,233,,2082,2025
"Marti, Alexander",ALL,7,9.3,75,,2082,2025
"Larsen, Shaunda L.",ALL,1,5.6,18,,2082,2025
"Martin, Andre",ALL,0,0.0,11,,2082,2025
"Latchman, Reshawn",ALL,51,19.4,263,,2082,2025
"Martin, David A.",ALL,0,0.0,16,,2082,2025
"Lazalde, Martin",ALL,0,0.0,1,,2082,2025
"Martin, Mattie",ALL,0,0.0,1,,2082,2025
"Lazo, Hector",ALL,2,50.0,4,,2082,2025
"Martinez, Aram S.",ALL,0,0.0,10,,2082,2025
"Leahey, Hannah",ALL,16,10.1,158,,2082,2025
"Martinez, Carlos",ALL,4,8.0,50,,2082,2025
"Leavy, Joe",ALL,0,0.0,1,,2082,2025
"Martinez, Eder Luis",ALL,1,3.6,28,,2082,2025
"Lebron, Victor",ALL,59,19.1,309,,2082,2025
"Martinez, Efren",ALL,0,0.0,13,,2082,2025
"Ledet, Theodrick",ALL,2,3.3,60,,2082,2025
"Martinez, Francisco",ALL,72,12.4,579,,2082,2025
"Lee, Chad",ALL,0,0.0,18,,2082,2025
"Martinez, Gaddiel A.",ALL,74,15.9,464,,2082,2025
"Lemaire, Christophe",ALL,0,0.0,1,,2082,2025
"Martinez, Humberto",ALL,0,0.0,4,,2082,2025
"Leon, Anisete",ALL,0,0.0,4,,2082,2025
"Martinez, Joey R.",ALL,0,0.0,25,,2082,2025
"Leon, Jose A.",ALL,6,4.9,122,,2082,2025
"Martinez, Juan",ALL,0,0.0,5,,2082,2025
"Leon, Sonny",ALL,101,12.5,809,,2082,2025
"Martinez, Miguel L.",ALL,7,4.6,153,,2082,2025
"Leparoux, Julien R.",ALL,55,11.6,476,,2082,2025
"Martinez, Ricardo",ALL,16,8.0,200,,2082,2025
"Levario, Jesse Lee",ALL,0,0.0,1,,2082,2025
"Martinez, Willie",ALL,39,14.0,278,,2082,2025
"Lewis, Dwight Anthony",ALL,0,0.0,18,,2082,2025
"Matias, Javier",ALL,3,7.5,40,,2082,2025
"Lewis, Harriston",ALL,0,0.0,5,,2082,2025
"Matos, Prandy",ALL,0,0.0,13,,2082,2025
"Lewis, Justin M.",ALL,39,10.6,368,,2082,2025
"Mauricio, Jose",ALL,11,10.6,104,,2082,2025
"Lezcano, Abel",ALL,25,8.7,287,,2082,2025
"Mawing, Anthony",ALL,18,9.7,185,,2082,2025
"Lezcano, Jose",ALL,131,15.4,849,,2082,2025
"Mawing, Leslie",ALL,16,7.0,228,,2082,2025
"Lindsay, Chad",ALL,7,7.2,97,,2082,2025
"Mayhew, Glenmore W.",ALL,0,0.0,9,,2082,2025
"Lloyd, John W.",ALL,0,0.0,7,,2082,2025
"Mbatha, Lucky",ALL,0,0.0,4,,2082,2025
"Locke, Anthony W.",ALL,0,0.0,2,,2082,2025
"McDaid, Kellie M.",ALL,1,20.0,5,,2082,2025
"Lopez, Antonio",ALL,19,11.7,163,,2082,2025
"McDermott, Sean",ALL,2,4.4,45,,2082,2025
"Lopez, Carlos Eduardo",ALL,93,17.7,525,,2082,2025
"McDonagh, Dylan",ALL,0,0.0,1,,2082,2025
"Lopez, David Charles",ALL,0,0.0,2,,2082,2025
"McDonough, Dylan",ALL,0,0.0,6,,2082,2025
"Lopez, Erick",ALL,0,0.0,2,,2082,2025
"McGregor, Kiaman",ALL,53,10.7,496,,2082,2025
"Lopez, Henry Reynoso",ALL,6,17.1,35,,2082,2025
"McGuin, Jasmine",ALL,0,0.0,3,,2082,2025
"Lopez, Jaime E.",ALL,13,16.2,80,,2082,2025
"McIntosh, Shaquil",ALL,0,0.0,3,,2082,2025
"Lopez, Jose E.",ALL,7,6.7,105,,2082,2025
"McKee, John",ALL,56,19.6,286,,2082,2025
"Lopez, Jose P.",ALL,2,7.4,27,,2082,2025
"McKenzie, Connie",ALL,10,16.9,59,,2082,2025
"Lopez, Juan D.",ALL,0,0.0,1,,2082,2025
"McMahon, C.J.",ALL,100,15.8,634,,2082,2025
"Lopez, Karlo",ALL,76,12.4,614,,2082,2025
"McMonagle, Dylan Browne",ALL,1,25.0,4,,2082,2025
"Lopez, Paco ................................................ 1,333 325 221 211 13,343,780 McNeil, Bryan",ALL,9,7.0,128,,2082,2025
"Lopez, Uriel A.",ALL,2,1.7,117,,2082,2025
"McNeil, Erik",ALL,2,5.6,36,,2082,2025
"Lordan, Wayne",ALL,0,0.0,1,,2082,2025
"Meche, Cole",ALL,4,2.9,136,,2082,2025
"Loughnane, Billy",ALL,0,0.0,3,,2082,2025
"Medellin, Alejandro",ALL,41,12.7,324,,2082,2025
"Loveberry, Jareth",ALL,108,15.7,688,,2082,2025
"Medellin, Erick",ALL,7,4.5,155,,2082,2025
"Lozada, Carlos",ALL,49,11.6,424,,2082,2025
"Medina, Anthony",ALL,0,0.0,19,,2082,2025
"Luark, Mike T",ALL,2,7.4,27,,2082,2025
"Medina, Jose Angel",ALL,121,22.0,551,,2082,2025
"Lucille, Geena",ALL,0,0.0,6,,2082,2025
"Meeks, Micah",ALL,2,5.0,40,,2082,2025
"Lugo, Carlos D.",ALL,3,6.4,47,,2082,2025
"Meineke, Sheldon",ALL,1,7.1,14,,2082,2025
"Lugo, Jr., Jaime",ALL,1,3.8,26,,2082,2025
"Mejias, Kleiner A.",ALL,1,6.7,15,,2082,2025
"Lull, Richard E.",ALL,0,0.0,1,,2082,2025
"Mejias, Ricardo",ALL,8,16.3,49,,2082,2025
"Luna, Paul A.",ALL,4,3.5,114,,2082,2025
"Melancon, Jansen",ALL,99,16.6,595,,2082,2025
"Lunan, Richard",ALL,10,14.3,70,,2082,2025
"Mena, Raul E.",ALL,54,12.2,443,,2082,2025
"Lundie, Kevin",ALL,0,0.0,2,,2082,2025
"Mendez, Marshall",ALL,94,18.2,517,,2082,2025
"Lusk, Tyson",ALL,3,11.1,27,,2082,2025
"Mendoza, Amir",ALL,6,18.2,33,,2082,2025
"Luzzi, Lane J.",ALL,36,8.1,444,,2082,2025
"Meneses, Marcos",ALL,65,11.0,590,,2082,2025
"Lyapustina, Tais",ALL,36,12.1,298,,2082,2025
"Mera, Julio C.",ALL,0,0.0,3,,2082,2025
"Machado, Dylan",ALL,5,11.1,45,,2082,2025
"Meza, J.J.",ALL,0,0.0,38,,2082,2025
"Machado, Luan ........................................... 1,003 132 120 117 12,647,427 Miller, Chase",ALL,3,6.8,44,,2082,2025
"Macias, Hugo",ALL,0,0.0,1,,2082,2025
"Miller, Zach",ALL,0,0.0,4,,2082,2025
"Miranda, Rogelio",ALL,5,7.5,67,,2082,2025
"Mitchell, Richard",ALL,6,3.7,162,,2083,2025
"Olver, Madison",ALL,31,13.5,229,,2083,2025
"Mojica, Orlando",ALL,127,18.1,703,,2083,2025
"Orantes, Cesar",ALL,1,2.8,36,,2083,2025
"Mojica, Jr., Orlando",ALL,0,0.0,9,,2083,2025
"Orantes, Welfin R.",ALL,33,12.8,257,,2083,2025
"Mojica, Jr., Rafael",ALL,31,10.9,284,,2083,2025
"Ordonez, Ronald R.",ALL,1,14.3,7,,2083,2025
"Molina, Maikol Matias",ALL,1,7.1,14,,2083,2025
"Orduna-Rojas, Francisco",ALL,5,8.3,60,,2083,2025
"Moncada, Irving",ALL,57,11.7,488,,2083,2025
"Orozco, Kevin E.",ALL,35,12.5,281,,2083,2025
"Mongan, Corey",ALL,1,3.6,28,,2083,2025
"Ortega, Cesar",ALL,7,10.3,68,,2083,2025
"Monroy, Francisco",ALL,12,8.1,148,,2083,2025
"Ortega, Harold Joseph",ALL,7,7.4,94,,2083,2025
"Monserrate, Jr., Jorge A.",ALL,0,0.0,8,,2083,2025
"Ortega, Javier O.",ALL,1,2.7,37,,2083,2025
"Montalvo, Carlos",ALL,25,8.9,282,,2083,2025
"Ortiz, Alvin",ALL,16,7.2,223,,2083,2025
"Montanez, Rosario",ALL,38,19.0,200,,2083,2025
"Montano, Jose",ALL,11,16.4,67,,2083,2025
"Ortiz, Joshua",ALL,5,4.6,108,,2083,2025
"Morales, Adrian X.",ALL,6,16.7,36,,2083,2025
"Ortiz, Yomar Orlando",ALL,9,6.3,142,,2083,2025
"Morales, Allyssa",ALL,13,6.9,189,,2083,2025
"Morales, Angel",ALL,0,0.0,42,,2083,2025
"Osborne, Saffie",ALL,0,0.0,2,,2083,2025
"Morales, Edgar",ALL,96,10.5,912,,2083,2025
"O’Sullivan, James",ALL,3,9.4,32,,2083,2025
"Morales, Joshua",ALL,4,7.4,54,,2083,2025
"Otero, Aarom",ALL,0,0.0,1,,2083,2025
"Morales, Pablo",ALL,110,20.8,530,,2083,2025
"Ouzts, Perry Wayne",ALL,43,16.2,266,,2083,2025
"Morales, Roberto",ALL,4,11.1,36,,2083,2025
"Owings, Brett",ALL,0,0.0,10,,2083,2025
"Morales, Silvino",ALL,17,17.7,96,,2083,2025
"Padilla, Anselmo",ALL,0,0.0,16,,2083,2025
"Moran, David",ALL,17,6.3,269,,2083,2025
"Padron-Barcenas, Javier",ALL,7,4.3,162,,2083,2025
"Moran, Pietro",ALL,140,16.2,863,,2083,2025
"Pagan, Michael Y.",ALL,40,16.7,239,,2083,2025
"Moreira, Joao",ALL,0,0.0,1,,2083,2025
"Painen Berrios, Rodrigo Andres",ALL,0,0.0,4,,2083,2025
"Morelos, Jose E.",ALL,109,12.4,881,,2083,2025
"Panaijo, Jorge",ALL,1,2.1,47,,2083,2025
"Moreno, Angel",ALL,1,8.3,12,,2083,2025
"Panici, Luca",ALL,41,8.8,465,,2083,2025
"Moreno, Cesar T.",ALL,0,0.0,2,,2083,2025
"Paredes, Jhovany",ALL,0,0.0,1,,2083,2025
"Moreno, Jairo",ALL,0,0.0,7,,2083,2025
"Parker, Deshawn L.",ALL,107,22.2,482,,2083,2025
"Moreno, Omar",ALL,4,9.8,41,,2083,2025
"Parris, Sachin",ALL,3,2.7,110,,2083,2025
"Morin, Ryan",ALL,1,12.5,8,,2083,2025
"Patterson, Javaniel R.",ALL,8,11.9,67,,2083,2025
"Mosqueira, Ismael Eluid",ALL,18,19.8,91,,2083,2025
"Paucar, Edgar",ALL,26,12.8,203,,2083,2025
"Moya, Ramon F.",ALL,16,6.6,244,,2083,2025
"Pauly, Summer",ALL,51,19.2,266,,2083,2025
"Mudd, Jamison",ALL,3,3.6,83,,2083,2025
"Payeras, Edgar",ALL,51,20.4,250,,2083,2025
"Muir, Shamaree",ALL,11,23.4,47,,2083,2025
"Payne, Dibaggio",ALL,0,0.0,5,,2083,2025
"Mullins, Danny",ALL,4,30.8,13,,2083,2025
"Pedroza, Jr., Marcelino",ALL,125,13.5,927,,2083,2025
"Mulqueen, Stephen",ALL,15,13.9,108,,2083,2025
"Peltroche, Elias",ALL,10,16.9,59,,2083,2025
"Munger, Ryan",ALL,78,14.5,538,,2083,2025
"Peltroche, Fredy",ALL,37,13.2,280,,2083,2025
"Munoz, Sergio",ALL,44,9.9,444,,2083,2025
"Pena, Brayan",ALL,5,7.7,65,,2083,2025
"Murgia, Antioco",ALL,34,10.8,316,,2083,2025
"Pena, Jonuelle",ALL,20,6.6,302,,2083,2025
"Muro, Oracio Isidro",ALL,0,0.0,25,,2083,2025
"Pena, Jose L.",ALL,3,11.5,26,,2083,2025
"Murphy, Cindy",ALL,2,8.7,23,,2083,2025
"Pena, Luis",ALL,8,8.0,100,,2083,2025
"Murphy, Oisin",ALL,1,6.7,15,,2083,2025
"Pena, Pedro",ALL,0,0.0,26,,2083,2025
"Murray, Erica M.",ALL,15,10.9,138,,2083,2025
"Pennington, Frankie",ALL,77,17.3,444,,2083,2025
"Murrill, Mitchell",ALL,109,13.7,794,,2083,2025
"Pereira, Tiago Josue",ALL,53,13.2,402,,2083,2025
"Murrufo, Maurisio",ALL,0,0.0,2,,2083,2025
"Perez, Amadeo",ALL,52,29.2,178,,2083,2025
"Mussad, David",ALL,0,0.0,12,,2083,2025
"Perez, Carlos",ALL,65,10.7,605,,2083,2025
"Natera, Keihton",ALL,39,16.2,240,,2083,2025
"Perez, Cesar",ALL,0,0.0,18,,2083,2025
"Nava-Marin, Jose",ALL,26,27.1,96,,2083,2025
"Perez, Edgar",ALL,46,8.2,559,,2083,2025
"Navarro, Christian J.",ALL,13,4.8,273,,2083,2025
"Perez, Francisco Escalera",ALL,0,0.0,9,,2083,2025
"Navarro, Kevin",ALL,59,18.8,313,,2083,2025
"Perez, Jose Angel",ALL,0,0.0,30,,2083,2025
"Navas, Yoel",ALL,0,0.0,5,,2083,2025
"Perez, Luis E.",ALL,80,17.3,462,,2083,2025
"Negron, Juan C.",ALL,0,0.0,13,,2083,2025
"Perez, Miguel A.",ALL,48,17.0,283,,2083,2025
"Negron, Luis",ALL,120,18.1,663,,2083,2025
"Perez, Roberto A.",ALL,11,4.6,239,,2083,2025
"Nelson, Dane",ALL,49,20.9,235,,2083,2025
"Perez, Xavier",ALL,40,11.2,356,,2083,2025
"Nelson, Leroy",ALL,0,0.0,2,,2083,2025
"Perovic, Dorde",ALL,0,0.0,7,,2083,2025
"Nelson, Ryan",ALL,1,2.6,38,,2083,2025
"Peterson, Ferrin",ALL,4,7.4,54,,2083,2025
"Nelson, Tyrone",ALL,0,0.0,4,,2083,2025
"Pickner, Xavier",ALL,3,3.3,92,,2083,2025
"Nevin, Dan",ALL,14,17.5,80,,2083,2025
"Pilares, Christian P.",ALL,11,15.9,69,,2083,2025
"Newell, Howard F.",ALL,0,0.0,11,,2083,2025
"Pilares, Yak",ALL,0,0.0,1,,2083,2025
"Nicholls, Keveh",ALL,42,11.2,375,,2083,2025
"Pimentel, Jr., Ivan",ALL,2,7.1,28,,2083,2025
"Nicholls, Mia",ALL,4,7.8,51,,2083,2025
"Pinkard, Casey",ALL,0,0.0,2,,2083,2025
"Nieves, Emanuel",ALL,89,14.7,604,,2083,2025
"Pinto, Melanie",ALL,17,18.1,94,,2083,2025
"Nugent, O’Shane",ALL,7,16.7,42,,2083,2025
"Pompell, Thomas L.",ALL,64,13.7,467,,2083,2025
"Nunez, Anthony Y.",ALL,28,12.5,224,,2083,2025
"Poon, Andrew",ALL,21,33.3,63,,2083,2025
"Nunez, Juan Mauricio",ALL,37,10.0,370,,2083,2025
"Poretz, Eric",ALL,0,0.0,42,,2083,2025
"Nunnally, Blake",ALL,55,12.5,439,,2083,2025
"Poston, Amanda K.",ALL,6,8.6,70,,2083,2025
"O’Brien, Sophie",ALL,3,37.5,8,,2083,2025
"Pottinger, Michael",ALL,0,0.0,5,,2083,2025
"Ocasio, Jonathan",ALL,39,9.6,407,,2083,2025
"Powell, Andre",ALL,16,15.2,105,,2083,2025
"Ocasio, Luis M.",ALL,39,8.1,482,,2083,2025
"Powell, Kuri",ALL,5,16.7,30,,2083,2025
"Ochoa, Alejandro",ALL,0,0.0,7,,2083,2025
"O’Hanlon, Paddy",ALL,0,0.0,5,,2083,2025
"Prescod, N’Rico",ALL,32,15.5,207,,2083,2025
"Olague, Fernando J.",ALL,1,6.2,16,,2083,2025
"Prescott, Rodney A.",ALL,26,10.2,255,,2083,2025
"Oliveros, Charle",ALL,52,12.7,409,,2083,2025
"Procter, Freddie",ALL,15,15.2,99,,2083,2025
"Olivo, Jose Juan",ALL,0,0.0,1,,2083,2025
"Pruitt, Ciera",ALL,12,9.8,123,,2083,2025
"Purcell, Kelsi",ALL,13,13.0,100,,2084,2025
"Rodriguez, Walter A.",ALL,100,18.1,551,,2084,2025
"Pusac, Alberto",ALL,64,12.4,517,,2084,2025
"Rodriguez, Yan",ALL,38,9.6,397,,2084,2025
"Pyle, William",ALL,1,50.0,2,,2084,2025
"Rodriquez, Jario",ALL,0,0.0,2,,2084,2025
"Quinn, Deirdre A.",ALL,0,0.0,8,,2084,2025
"Rohena, J. M.",ALL,17,15.2,112,,2084,2025
"Quinonez, Alonso",ALL,64,16.2,395,,2084,2025
"Rohena, Jr., Rafael",ALL,8,5.8,138,,2084,2025
"Quinonez, Belen",ALL,58,14.3,407,,2084,2025
"Rojas, Carlos Eduardo",ALL,2,5.0,40,,2084,2025
"Quinonez, Luis S.",ALL,29,10.2,283,,2084,2025
"Rojas, Fernando Orduno",ALL,0,0.0,1,,2084,2025
"Quinonez-Lopez, Osvaldo",ALL,1,4.8,21,,2084,2025
"Rojas, Martina",ALL,53,12.1,438,,2084,2025
"Rabadan, Gerardo",ALL,0,0.0,1,,2084,2025
"Rojas, Renzo",ALL,10,5.8,172,,2084,2025
"Radcliffe, Anthony",ALL,17,9.0,189,,2084,2025
"Rojas Fernandez, Eduard Kennis",ALL,10,10.4,96,,2084,2025
"Radosevich, Joshua J.",ALL,5,23.8,21,,2084,2025
"Roman, Constantino",ALL,47,14.7,319,,2084,2025
"Ramey, Cash",ALL,15,10.4,144,,2084,2025
"Roman, Evin A.",ALL,57,9.9,575,,2084,2025
"Ramgeet, Andre R.",ALL,2,2.5,81,,2084,2025
"Roman, Kevin",ALL,151,16.3,924,,2084,2025
"Ramgeet, Andrew R.",ALL,21,12.3,171,,2084,2025
"Romero, Joseph M.",ALL,18,7.6,237,,2084,2025
"Ramirez, Francisco J.",ALL,13,13.5,96,,2084,2025
"Romero, Roman",ALL,0,0.0,2,,2084,2025
"Ramirez, Paulina",ALL,18,8.7,207,,2084,2025
"Rosado, Johan",ALL,22,9.0,244,,2084,2025
"Ramirez, Ricardo S.",ALL,25,16.7,150,,2084,2025
"Rosales Gallegos, Juan",ALL,0,0.0,1,,2084,2025
"Ramirez, Jr., Julio",ALL,38,6.0,637,,2084,2025
"Rosario, Joel",ALL,104,14.8,703,,2084,2025
"Ramos, Adrian B.",ALL,45,14.2,318,,2084,2025
"Rosario, Jr., Hector L.",ALL,0,0.0,1,,2084,2025
"Ramos, Christian",ALL,40,18.4,217,,2084,2025
"Rosendo, Irwin J.",ALL,29,9.6,302,,2084,2025
"Ramos, Jatniel",ALL,1,20.0,5,,2084,2025
"Rosier, Chris R.",ALL,17,7.8,218,,2084,2025
"Ramos, Joseph D.",ALL,158,17.2,917,,2084,2025
"Rowland, Madeline",ALL,12,10.6,113,,2084,2025
"Ramos, Manuel",ALL,0,0.0,1,,2084,2025
"Ruiz, Efigenio Garcia",ALL,7,13.7,51,,2084,2025
"Ramos, Yabriel O.",ALL,67,12.8,522,,2084,2025
"Ruiz, Eliseo",ALL,78,13.3,588,,2084,2025
"Ramsammy, Emile",ALL,0,0.0,3,,2084,2025
"Ruiz, Jorge",ALL,116,15.5,746,,2084,2025
"Rangel, Joezer",ALL,25,11.1,225,,2084,2025
"Russell, Chris",ALL,5,5.4,93,,2084,2025
"Rea, Hunter",ALL,3,6.4,47,,2084,2025
"Russell, Sheldon",ALL,108,26.2,412,,2084,2025
"Rengifo, Johan",ALL,19,6.2,308,,2084,2025
"Ryan, Gavin",ALL,0,0.0,1,,2084,2025
"Requena, Pedro",ALL,0,0.0,9,,2084,2025
"Ryan, Rossa",ALL,0,0.0,2,,2084,2025
"Reyes, Antonio Ambrosio",ALL,23,16.8,137,,2084,2025
"Saez, Gabriel",ALL,42,7.3,576,,2084,2025
"Reyes, Cristian",ALL,0,0.0,7,,2084,2025
"Reyes, Frank",ALL,35,10.5,333,,2084,2025
"Saez, Sebastian",ALL,0,0.0,13,,2084,2025
"Reyes, Leonel",ALL,100,13.0,771,,2084,2025
"Sakai, Ryusei",ALL,1,33.3,3,,2084,2025
"Reyes, Luis R.",ALL,19,6.6,290,,2084,2025
"Salazar, Teresa",ALL,3,6.0,50,,2084,2025
"Reynolds, Larry C.",ALL,30,16.4,183,,2084,2025
"Salazar Becerra, Fernando",ALL,113,16.8,672,,2084,2025
"Richard, Ronald",ALL,0,0.0,14,,2084,2025
"Salgado, Anthony",ALL,24,11.9,202,,2084,2025
"Rios, Jesus M.",ALL,26,11.2,233,,2084,2025
"Salles, Leo",ALL,54,10.5,516,,2084,2025
"Rios-Conde, Alexis",ALL,0,0.0,28,,2084,2025
"Samuel, Jalon L.",ALL,25,11.5,217,,2084,2025
"Rios-Conde, Jr., Alexis",ALL,4,4.5,88,,2084,2025
"Samuels, Jake",ALL,23,25.0,92,,2084,2025
"Riquelme, Jose",ALL,8,4.7,172,,2084,2025
"Samuels, Kassie",ALL,0,0.0,5,,2084,2025
"Rispoli, Umberto",ALL,129,21.7,594,,2084,2025
"Sanchez, Alexis",ALL,10,9.5,105,,2084,2025
"Rivas, Juan Carlos",ALL,2,5.0,40,,2084,2025
"Sanchez, Diego",ALL,0,0.0,3,,2084,2025
"Rivera, Dalila A.",ALL,6,5.7,105,,2084,2025
"Sanchez, Jose Luis",ALL,0,0.0,1,,2084,2025
"Rivera, Javier",ALL,16,10.1,159,,2084,2025
"Sanchez, Lexander",ALL,5,7.2,69,,2084,2025
"Rivera, Kendry",ALL,29,12.9,225,,2084,2025
"Rivera, Luis D.",ALL,41,11.9,345,,2084,2025
"Sanchez, Obed",ALL,40,8.8,456,,2084,2025
"Rivera, Luis Raul",ALL,112,18.5,607,,2084,2025
"Sanchez, Richi",ALL,0,0.0,3,,2084,2025
"Rivera, Santos",ALL,24,5.6,430,,2084,2025
"Sandoval, Alexi",ALL,0,0.0,3,,2084,2025
"Rivera, Jr., Luis R.",ALL,46,8.8,521,,2084,2025
"Sanjur, Santo",ALL,49,8.4,582,,2084,2025
"Robles, Ederik O.",ALL,0,0.0,19,,2084,2025
"Santaella, Moises",ALL,30,15.5,193,,2084,2025
"Rocco, Jr., Joseph",ALL,14,11.9,118,,2084,2025
"Rocha, Jose O.",ALL,17,13.5,126,,2084,2025
"Santiago, Eddie",ALL,0,0.0,5,,2084,2025
"Rodriguez, Anardis",ALL,2,66.7,3,,2084,2025
"Santiago, Edward",ALL,21,6.9,303,,2084,2025
"Rodriguez, Angel A.",ALL,6,10.9,55,,2084,2025
"Santiago, Victor",ALL,12,6.5,186,,2084,2025
"Rodriguez, Angel R.",ALL,126,23.9,527,,2084,2025
"Santiago, Wilfredo",ALL,3,5.9,51,,2084,2025
"Rodriguez, Anthony",ALL,32,10.8,295,,2084,2025
"Santo, Kimal",ALL,42,22.7,185,,2084,2025
"Rodriguez, Darwin L.",ALL,4,11.4,35,,2084,2025
"Santos, Ademar",ALL,111,17.2,644,,2084,2025
"Rodriguez, Filemon T",ALL,1,5.3,19,,2084,2025
"Sasaki, Daisuke",ALL,0,0.0,1,,2084,2025
"Rodriguez, Guillermo",ALL,87,14.0,622,,2084,2025
"Scampton, Brittany",ALL,0,0.0,38,,2084,2025
"Rodriguez, Israel O.",ALL,81,16.4,494,,2084,2025
"Schweizer, Whitney",ALL,0,0.0,4,,2084,2025
"Rodriguez, Jaime",ALL,189,19.0,993,,2084,2025
"Scully, Elizabeth",ALL,1,10.0,10,,2084,2025
"Rodriguez, Jairo",ALL,7,12.1,58,,2084,2025
"Seecharan, Learie C.",ALL,6,8.7,69,,2084,2025
"Rodriguez, Johariel A.",ALL,2,4.9,41,,2084,2025
"Seecharan, Lenny A.",ALL,9,11.0,82,,2084,2025
"Rodriguez, Jose Elias",ALL,29,19.0,153,,2084,2025
"Seestheground, Kobe",ALL,0,0.0,10,,2084,2025
"Rodriguez, Jose L.",ALL,0,0.0,5,,2084,2025
"Serpa, Angel",ALL,9,5.7,158,,2084,2025
"Rodriguez, Jose Luis",ALL,70,12.0,582,,2084,2025
"Serrano, Keivan",ALL,13,12.5,104,,2084,2025
"Rodriguez, Jose",ALL,0,0.0,20,,2084,2025
"Severino, Victor",ALL,19,11.6,164,,2084,2025
"Rodriguez, Juan C.",ALL,1,3.3,30,,2084,2025
"Sevilla, Rigoberto",ALL,0,0.0,2,,2084,2025
"Rodriguez, Julio Alberto",ALL,0,0.0,5,,2084,2025
"Sheehy, Danny",ALL,15,9.8,153,,2084,2025
"Rodriguez, Luis Ramon",ALL,10,4.9,204,,2084,2025
"Sherman, Alexandra",ALL,5,6.6,76,,2084,2025
"Rodriguez, Ronaldo",ALL,7,20.0,35,,2084,2025
"Shoemark, Kieran",ALL,0,0.0,1,,2084,2025
"Rodriguez, Victor",ALL,52,12.4,420,,2084,2025
"Sigala, Alfredo",ALL,4,3.5,113,,2084,2025
"Rodriguez, Victor Samuel Paraguacuto",ALL,5,10.0,50,,2084,2025
"Silvera, Ruben",ALL,118,12.2,964,,2084,2025
"Simpson, Jason",ALL,10,5.3,188,,2085,2025
"Van Dyke, Drayden",ALL,9,8.1,111,,2085,2025
"Simpson, Javour M.",ALL,12,10.8,111,,2085,2025
"Vandermeersch, Amanda",ALL,21,12.9,163,,2085,2025
"Simpson, Omar",ALL,1,8.3,12,,2085,2025
"Vanek, Helen Marie",ALL,0,0.0,5,,2085,2025
"Simpson, Trevor",ALL,32,25.2,127,,2085,2025
"Vargas, Jorge L.",ALL,0,0.0,1,,2085,2025
"Singh, Rohan R.",ALL,7,9.6,73,,2085,2025
"Vargas, Jose E.",ALL,18,6.9,261,,2085,2025
"Singh, Sunny",ALL,2,66.7,3,,2085,2025
"Vargas, Juan P",ALL,72,10.2,707,,2085,2025
"Slevinsky, Rachel",ALL,1,20.0,5,,2085,2025
"Vargas, Salvador R",ALL,16,21.9,73,,2085,2025
"Smith, Clyde Henry",ALL,0,0.0,1,,2085,2025
"Vargas, Wilson Esteban",ALL,0,0.0,3,,2085,2025
"Smith, Diogdinabi",ALL,2,3.5,57,,2085,2025
"Vargas, Jr., Jorge A.",ALL,57,16.7,341,,2085,2025
"Smith, Mike E.",ALL,25,12.5,200,,2085,2025
"Vasquez, Carmen",ALL,0,0.0,6,,2085,2025
"Smith, Taylor E.",ALL,12,14.1,85,,2085,2025
"Vasquez, Jose",ALL,0,0.0,6,,2085,2025
"Solis, Edward",ALL,0,0.0,2,,2085,2025
"Vasquez, Miguel Angel",ALL,159,15.9,998,,2085,2025
"Sosa, Laureano",ALL,41,18.3,224,,2085,2025
"Vasquez, Wilfred",ALL,13,8.8,147,,2085,2025
"Soumillon, Christophe",ALL,1,20.0,5,,2085,2025
"Vazquez, Carmen Barrionuevo",ALL,0,0.0,9,,2085,2025
"Spanabel, Skyler",ALL,2,4.3,47,,2085,2025
"Vazquez, Gian L.",ALL,0,0.0,10,,2085,2025
"Spieth, Scott",ALL,47,17.6,267,,2085,2025
"Vazquez, Jose Miguel",ALL,19,6.3,301,,2085,2025
"Stanley, Angel Ortega",ALL,0,0.0,30,,2085,2025
"Vazquez, Ramon A.",ALL,181,20.7,876,,2085,2025
"Steadman, Linton Leon",ALL,8,10.4,77,,2085,2025
"Vega, Jose L",ALL,5,7.8,64,,2085,2025
"Stephenson, Neville",ALL,23,11.0,209,,2085,2025
"Velazquez, John R.",ALL,117,15.0,778,,2085,2025
"Stewart, Blandford",ALL,3,11.5,26,,2085,2025
"Ventura, Jose",ALL,1,5.6,18,,2085,2025
"Stillion, Brooke",ALL,0,0.0,1,,2085,2025
"Vera, Eliazar T.",ALL,6,19.4,31,,2085,2025
"Stokes, Joe",ALL,62,11.3,550,,2085,2025
"Vera, Gerardo",ALL,0,0.0,13,,2085,2025
"Suarez, Angel",ALL,3,5.8,52,,2085,2025
"Vergara, Daniel P.",ALL,37,13.8,269,,2085,2025
"Suarez, Jesus",ALL,3,11.5,26,,2085,2025
"Vigil, Noel",ALL,35,13.2,265,,2085,2025
"Sullivan, Ben",ALL,0,0.0,2,,2085,2025
"Vilchez, Maikol",ALL,12,6.9,174,,2085,2025
"Sutherland, Chantal",ALL,12,15.0,80,,2085,2025
"Villa, Oscar",ALL,0,0.0,2,,2085,2025
"Swan, Kirsten",ALL,0,0.0,20,,2085,2025
"Villa Pino, Favinho",ALL,3,2.9,104,,2085,2025
"Taboada Flores, Limber",ALL,7,5.4,129,,2085,2025
"Villa-Gomez, Huber",ALL,26,12.1,214,,2085,2025
"Tapara, Brandon",ALL,70,16.4,427,,2085,2025
"Villalobos, Ismerio",ALL,56,14.1,396,,2085,2025
"Tapara, Luis",ALL,24,9.1,264,,2085,2025
"Villaobos Gonzalez, Frank D.",ALL,0,0.0,14,,2085,2025
"Tavares, Daniel",ALL,0,0.0,4,,2085,2025
"Villarreal, Oscar",ALL,65,12.3,528,,2085,2025
"Tavares, Javier",ALL,39,11.1,352,,2085,2025
"Villasmil, Edgar",ALL,1,3.6,28,,2085,2025
"Teeter, Nakia",ALL,17,15.0,113,,2085,2025
"Villegas, Jerry",ALL,0,0.0,6,,2085,2025
"Terraza, German",ALL,7,4.6,152,,2085,2025
"Virgen, Jesus",ALL,3,5.9,51,,2085,2025
"Thomas, Anthony",ALL,3,7.5,40,,2085,2025
"Vivanco, Luis L.",ALL,3,21.4,14,,2085,2025
"Thornton, Timothy",ALL,163,21.2,768,,2085,2025
"Vives, Sofia",ALL,76,15.4,494,,2085,2025
"Thorpe, Darius",ALL,10,11.1,90,,2085,2025
"Vorrath, Valente",ALL,0,0.0,14,,2085,2025
"Tierney, Conor",ALL,10,13.7,73,,2085,2025
"Wade, Lindey",ALL,23,10.6,216,,2085,2025
"Timentwa, Talliyah",ALL,7,7.4,94,,2085,2025
"Walcott, Rico W",ALL,11,11.5,96,,2085,2025
"Todd, Charlie",ALL,0,0.0,6,,2085,2025
"Wales, Travis",ALL,47,17.3,272,,2085,2025
"Tohill, Ken S.",ALL,70,15.4,455,,2085,2025
"Ward, Affrie",ALL,3,13.0,23,,2085,2025
"Toledo, Jevian",ALL,99,14.8,668,,2085,2025
"Watters, Graham",ALL,28,27.7,101,,2085,2025
"Toledo, Joam S.",ALL,18,8.7,206,,2085,2025
"Weatherly, Bailey",ALL,49,9.6,509,,2085,2025
"Tomita, Akatsuki",ALL,3,5.8,52,,2085,2025
"Wellington, Kylie",ALL,13,12.0,108,,2085,2025
"Toro, Jose M.",ALL,0,0.0,9,,2085,2025
"Wethey Jr., Floyd",ALL,119,15.6,765,,2085,2025
"Torrealba, J.G.",ALL,79,14.8,534,,2085,2025
"Whitacre, Brandon",ALL,76,21.7,351,,2085,2025
"Torrealba, Jose Luis",ALL,0,0.0,2,,2085,2025
"Whitacre, Grant",ALL,13,16.5,79,,2085,2025
"Torres, Bryan L.",ALL,30,10.2,295,,2085,2025
"Whitaker, Jennifer",ALL,1,7.7,13,,2085,2025
"Torres, Cristian A.",ALL,93,11.6,804,,2085,2025
"Whitehall, Antonio",ALL,51,21.6,236,,2085,2025
"Torres, Daniel Antonio",ALL,1,50.0,2,,2085,2025
"Williams, Ajhari",ALL,26,9.2,284,,2085,2025
"Torres, Hugo",ALL,1,2.4,41,,2085,2025
"Williams, Betty Jo",ALL,7,15.6,45,,2085,2025
"Torres, Jaime A.",ALL,93,11.9,779,,2085,2025
"Williams, Scott",ALL,30,21.1,142,,2085,2025
"Torres, Jomar",ALL,84,16.5,508,,2085,2025
"Wilson, Emma-Jayne",ALL,12,9.5,126,,2085,2025
"Torres, Jose L.",ALL,10,7.6,131,,2085,2025
"Wiseman, Isaiah",ALL,45,8.0,560,,2085,2025
"Torres, Raymond",ALL,2,5.4,37,,2085,2025
"Wolff, Calvin S.",ALL,1,12.5,8,,2085,2025
"Torres, Yolber",ALL,59,11.3,521,,2085,2025
"Wolfsont, Andrew",ALL,41,14.4,285,,2085,2025
"Townsend, Shavon",ALL,20,16.1,124,,2085,2025
"Wood, Dakota",ALL,39,35.1,111,,2085,2025
"Trejos, Joseph",ALL,15,7.6,198,,2085,2025
"Woodson, Michael",ALL,0,0.0,2,,2085,2025
"Triana, Jr., Alfredo",ALL,102,13.0,782,,2085,2025
"Worrell, Jeremiah",ALL,0,0.0,3,,2085,2025
"Trotman, Keimar",ALL,23,13.6,169,,2085,2025
"Worrie, Andre Shivnarine",ALL,100,19.2,522,,2085,2025
"Troxtell, Brittany",ALL,4,5.3,76,,2085,2025
"Wyatt, James",ALL,0,0.0,3,,2085,2025
"Tunon, Jordano",ALL,11,9.3,118,,2085,2025
"Yancapallo Gomocio, Shirley Esther",ALL,8,8.3,96,,2085,2025
"Turrieta, Sergio A.",ALL,0,0.0,3,,2085,2025
"Yaranga, Yuri",ALL,36,11.5,314,,2085,2025
"Ulloa, Andres P.",ALL,14,9.2,153,,2085,2025
"Yupanqui, Edgar Y.",ALL,0,0.0,2,,2085,2025
"Ulloa, Carlos Joan",ALL,12,8.4,143,,2085,2025
"Zabala, Emanuel Castillo",ALL,7,4.3,161,,2085,2025
"Urdaneta, Jorge J.",ALL,3,12.5,24,,2085,2025
"Zambrana, Jadiel",ALL,17,8.3,205,,2085,2025
"Urieta, Jr., Victor Manuel",ALL,4,25.0,16,,2085,2025
"Zavala, Julian",ALL,1,6.2,16,,2085,2025
"Valdez, Felipe",ALL,14,8.2,170,,2085,2025
"Valdez-Jiminez, Ernesto",ALL,74,10.7,689,,2085,2025
"Zenteno, Edgar",ALL,27,16.5,164,,2085,2025
"Valdivia, Jr., Jose",ALL,5,7.0,71,,2085,2025
"Zenteno Jr., Rafael",ALL,8,16.7,48,,2085,2025
"Valenzuela, Luis A.",ALL,104,18.5,562,,2085,2025
"Zerpa, Jose",ALL,1,25.0,4,,2085,2025
"Valenzuela, Jr., John Raul",ALL,0,0.0,5,,2085,2025
"Zonett, Keyner",ALL,2,7.1,28,,2085,2025
"Vallejo, Miguel R.",ALL,0,0.0,1,,2085,2025
"Zuniga, Alejandro Landeros",ALL,0,0.0,2,,2085,2025
